collected_at_kst,platform,source_name,source_method,brand,query,title,snippet,url,author,published_at,engagement_score,sentiment,mention_type,product_cluster,raw_status
2026-06-07T13:13:32+09:00,daum,daum_search,daum_html,Zespa,제스파 후기,코스모폴리탄,"개별문서메뉴 톡으로 바로 공유 공유하기 7 시술부터 다이어트 김밥까지, 서인영이 직접 밝힌 관리 비법은? 아침저녁으로 빠짐없이 챙기는 붓기 관리 루틴의 핵심은 제스파 에어슈입니다. 발바닥부터 종아리, 아킬레스건까지 커버되는 설계...다른 마사지기도 써봤지만 결국 에어슈로 돌아오게 된다는 후기 , 아침저녁으로 다리 굵기가 달라진다는 경험담까지 더해지니 그냥... 2026.05.07",https://v.daum.net/channel/323/home,,,,neutral,구매 후기,종아리 마사지기,ok
2026-06-07T13:13:32+09:00,daum,daum_search,daum_html,Zespa,제스파 후기,bnt뉴스,"개별문서메뉴 톡으로 바로 공유 공유하기 오퀴즈 정답, 28일 8시 ' 제스파 안마의자' ©bntnews 8월 28일 OK캐쉬백 오!퀴즈 정답이 공개됐다. 오후 8시 LIVE 역대급 혜택 안마의자 타임 특가! 제스파 오퀴즈 문제는 ' 제스파 xCJ온스타일 LIVE! 후기 가 입증하는 더클랑 안마의자 대표 기능은 OOOO입니다. (초성힌트:ㅇㅅㅇㅅ)'이다. 정답은 '음성인식'이다... 2022.08.28",https://v.daum.net/channel/175/home,,,,neutral,구매 후기,안마의자,ok
2026-06-07T13:13:32+09:00,daum,daum_search,daum_html,Zespa,제스파 후기,머니투데이,"개별문서메뉴 톡으로 바로 공유 공유하기 제스파 , 미용 브랜드 '로아벨' 론칭..아쿠아필링기 2종 출시 온 제스파 가 선보이는 브랜드로, 간편하고 효율적으로 관리할 수 있는 전문적인 미용기기들을 출시할 예정이다. 로아벨은 론칭과 동시에 LED 아쿠아필링기 2종을 먼저 출시했다. LED 아쿠아필링기 2종인 L6P 소닉앤이온토필링기(핑크)와 L6G 소닉앤이온토필링기... 2019.01.08",https://v.daum.net/channel/5/home,,,,positive,구매 후기,기타,ok
2026-06-07T13:13:32+09:00,daum,daum_search,daum_html,Zespa,제스파 발마사지기,디지털타임스,개별문서메뉴 톡으로 바로 공유 공유하기 제스파 발 마사지기 '다크 초콜릿 히팅 풋' 출시 지퍼식 분리형 커버로 세탁이 쉽고 여름철에는 덮개를 분리해 롤링마사지 기능만 사용할 수 있도록 했다. 제스파 다크 초콜릿 히팅 풋 발 마사지기 는 온라인 쇼핑몰 쿠팡에서 구매할 수 있다. 이규화 선임기자 david@dt.co.kr < Copyrights ⓒ 디지털타임스 & dt.co... 2016.03.03,https://v.daum.net/channel/94/home,,,,neutral,구매 후기,발마사지기,ok
2026-06-07T13:13:32+09:00,daum,daum_search,daum_html,Zespa,제스파 발마사지기,중앙SUNDAY,"개별문서메뉴 톡으로 바로 공유 공유하기 제스파 , 신개념 종아리 발 마사지기 '더툴400 에어슈' 출시 제스파 , 신개념 종아리 발 마사지기 '더툴400 에어슈' 출시 생활가전 전문 브랜드 제스파 가 신개념 종아리 발 마사지기 ‘에어슈’를 공식 출시했다. 이 제품은 기존 종아리 마사지기 가 종아리 마사지에 집중한 반면, 에어슈의 경우 종아리뿐 아니라 발 까지 한번에 마사지... 2024.07.03",https://v.daum.net/channel/3437/home,,,,neutral,기타,발마사지기,ok
2026-06-07T13:13:32+09:00,daum,daum_search,daum_html,Zespa,제스파 발마사지기,게임동아,"언론사 픽 개별문서메뉴 톡으로 바로 공유 공유하기 '제4회 대한민국 NFT/블록체인 게임 컨퍼런스', 6월 판교서 개최 참가자에게는 스타벅스 기프트카드(3만원 상당)를 제공하고, 행사 추첨 경품으로 다이슨 헤어드라이어·다이슨 청소기· 제스파 발 마사지기 를 전달한다. 단, 경품 수령 시 발생하는 제세공과금(22%)은 본인 부담이다. 제4회 대한민국 NFT/블록체인 게임 컨퍼런스... 2025.05.23 게임톡 2025.05.24 제4회 대한민국 NFT-블록체인 게임 컨퍼런스, 6월 12일 판교서 개최 데일리e스포츠 2025.05.23 제4회 대한민국 NFT/블록체인 게임 컨퍼런스, 6월12일 판교서 개최 매경게임진 2025.05.23 ‘제4회 대한민국 NFT·블록체인 게임 컨퍼런스’ 6월 12일 경기창조경제혁신센터 개최 더보기 이전 컨텐츠보기 다음 컨텐츠보기",https://v.daum.net/channel/85/home,,,,neutral,기타,발마사지기,ok
2026-06-07T13:13:32+09:00,daum,daum_search,daum_html,Zespa,제스파 종아리 마사지기,코스모폴리탄,"개별문서메뉴 톡으로 바로 공유 공유하기 7 시술부터 다이어트 김밥까지, 서인영이 직접 밝힌 관리 비법은? 빠짐없이 챙기는 붓기 관리 루틴의 핵심은 제스파 에어슈입니다. 발바닥부터 종아리 , 아킬레스건까지 커버되는 설계 덕분에 하체 순환...집 안을 돌아다닐 수 있는 편의성도 뛰어나죠. 다른 마사지기 도 써봤지만 결국 에어슈로 돌아오게 된다는 후기, 아침저녁으로... 2026.05.07",https://v.daum.net/channel/323/home,,,,neutral,구매 후기,종아리 마사지기,ok
2026-06-07T13:13:32+09:00,daum,daum_search,daum_html,Zespa,제스파 종아리 마사지기,매일경제,개별문서메뉴 톡으로 바로 공유 공유하기 3 안마의자·갤럭시폰· 마사지기 ...액티브 시니어 축제 방문해 푸짐한 경품 받아 가세요 제공할 예정이다. 당첨 경품은 △1등 제스파 리클라이너 겸 안마의자 1명 △2등 제스파 손 마사지기 1명 △3등 제스파 눈안마기 1명 △4등 제스파 종아리 마사지기 2명 △5등 제스파 목어깨찜질팩 5명이다. 스탬프투어 이벤트에 참가하기 위해선 28~29일간 행사장 내... 2025.10.20,https://v.daum.net/channel/7/home,,,,neutral,기타,종아리 마사지기,ok
2026-06-07T13:13:32+09:00,daum,daum_search,daum_html,Zespa,제스파 종아리 마사지기,중앙SUNDAY,"개별문서메뉴 톡으로 바로 공유 공유하기 제스파 , 신개념 종아리 발 마사지기 '더툴400 에어슈' 출시 제스파 , 신개념 종아리 발 마사지기 '더툴400 에어슈' 출시 생활가전 전문 브랜드 제스파 가 신개념 종아리 발 마사지기 ‘에어슈’를 공식 출시했다. 이 제품은 기존 종아리 마사지기 가 종아리 마사지에 집중한 반면, 에어슈의 경우 종아리 뿐 아니라 발까지 한번에 마사지... 2024.07.03",https://v.daum.net/channel/3437/home,,,,neutral,기타,발마사지기,ok
2026-06-07T13:13:32+09:00,daum,daum_search,daum_html,Zespa,제스파 안마기 추천,동행미디어 시대,"개별문서메뉴 톡으로 바로 공유 공유하기 위메프, '2021 설'..건강식품부터 가전까지 선물세트 최대 40% 할인 쿠폰 최대 20%를 제공한다. 중복 사용이 가능해 선물세트 구매 시 최대 40%까지 할인 받을 수 있다. 주요 상품은 △ 제스파 설 선물 추천 안마기 모음 △아침이슬사과 경북 명품 선물세트 3kg △한우구이 선물세트 1.2kg(등심500g+채끝500g+특수200g) △옛사랑한과... 2021.01.25",https://v.daum.net/channel/157/home,,,,positive,추천 요청,마사지건,ok
2026-06-07T13:13:32+09:00,daum,daum_search,daum_html,Zespa,제스파 안마기 추천,파이낸셜뉴스,"개별문서메뉴 톡으로 바로 공유 공유하기 쿠팡, 명절후유증 극복 상품 추천 .. 안마기 , 족욕기, 호텔패키지 등 소셜커머스 쿠팡은 명절 후유증 극복을 위해 안마기 , 족욕기, 호텔패키지 등의 상품을 내놨다고 12일 밝혔다. 판매할 때마다 1000개...진동 및 적외선 기능으로 마사지 효과를 한층 높인 ' 제스파 발조아 족탕기'를 44% 할인된 4만9800원에 선보이며, 족욕과 좌훈을... 2014.09.12",https://v.daum.net/channel/139/home,,,,positive,추천 요청,가격/가성비,ok
2026-06-07T13:13:32+09:00,daum,daum_search,daum_html,Zespa,제스파 안마기 추천,뉴스1,"개별문서메뉴 톡으로 바로 공유 공유하기 위메프, 1일부터 9월 위메프데이…가을 상품 최대 33% 할인 포함해 최대 33% 할인을 준비했다. 슈퍼위메프데이에선 MD 추천 초특가 상품을 선보인다. 대표상품은 △팸퍼스 에어차차 기저귀...상품을 7일간 총 364개 선보인다. 주요 상품은 △ 제스파 파워릴렉스 안마기 △홍로사과 △탑텐 에코 소프트 긴팔티 등이다. 9월4일엔... 2023.08.31",https://v.daum.net/channel/396/home,,,,positive,추천 요청,온열/공기압,ok
2026-06-07T13:13:32+09:00,daum,daum_search,daum_html,Zespa,제스파 고장,프레시안,"언론사 픽 개별문서메뉴 톡으로 바로 공유 공유하기 이정식 고용노동부 장관에게 일대일 토론을 제안합니다 저는 고장 난 라디오가 된 것처럼 몇 번이고 되풀이해 답할 수밖에 없습니다. ""하청노동자 저임금 구조는 전혀 개선되지 않아서 지금도 20~30년 일한 숙련노동자가 하나둘 조선소를 떠나고 있고, 고용구조는 오히려 악화되어서 상용직 하청노동자는 줄어들고 다단계... 2023.11.20",https://v.daum.net/channel/12/home,,,,negative,AS/고장 불만,AS/고장/내구성,ok
2026-06-07T13:13:32+09:00,daum,daum_search,daum_html,Zespa,제스파 고장,한경비즈니스,"개별문서메뉴 톡으로 바로 공유 공유하기 8 2022 고객만족브랜드대상 (1) 특징이다. 제스파 관계자는 “누워넥을 통해 소비자가 올바른 자세를 유지하고 뭉친 근육을 효과적으로 풀 수 있도록 기여한 결과 2년 연속 수상을 달성했다”고 전했다. 대박여행, 합리적인 가격의 맞춤형 여행상품 대박여행이 6일 ‘2022 고객만족브랜드대상’에서... 2022.12.06",https://v.daum.net/channel/77/home,,,,mixed,AS/고장 불만,AS/고장/내구성,ok
2026-06-07T13:13:32+09:00,daum,daum_search,daum_html,Zespa,제스파 고장,머니투데이,"개별문서메뉴 톡으로 바로 공유 공유하기 2 귀성·귀경길 스트레스, 피할 수 없다면 즐겁고 편하게~ 제격이다. KC인증(국가통합인증마크)으로 과부하나 기기 고장 등의 걱정 없이 안전하게 사용할 수 있다. ◇차 안을 내 집처럼, 편안...이때는 차량 안에서 간편하게 안마를 받을 수 있는 휴대용 안마기 ' 제스파 킹파워 릴렉스 안마기'를 이용하면 좋다. 제스파 ... 2015.02.18",https://v.daum.net/channel/5/home,,,,mixed,AS/고장 불만,AS/고장/내구성,ok
2026-06-07T13:13:32+09:00,daum,daum_search,daum_html,Zespa,제스파 AS,매일경제,"개별문서메뉴 톡으로 바로 공유 공유하기 롯데하이마트 '전동쎄' 혼수가전 할인· AS 5년 무상 제공 … 역대급 혜택 쏟아진다 구매 시 AS 5년 연장 보증 서비스를 제공한다. 또한 LG전자 '오브제컬렉션 퓨리케어', 삼성전자 '블루스카이 5500' 등 공기청정기...맞춰 롯데하이마트는 코지마 '더블모션' '마일드', 제스파 '엘라가르' '포레체', 세라젬 '마스터 V9' '파우제 M8' 등 안마의자 행사... 2025.04.16",https://v.daum.net/channel/7/home,,,,negative,AS/고장 불만,안마의자,ok
2026-06-07T13:13:32+09:00,daum,daum_search,daum_html,Zespa,제스파 AS,데일리안,"개별문서메뉴 톡으로 바로 공유 공유하기 롯데하이마트, '가정의 달 패밀리 세일'…게임·효도 가전 등 할인 선물하기 좋은 안마기기, 생활가전도 행사상품 구매 시 5년 AS 보증보험서비스, 동시구매 할인 등 다양한 혜택을 증정한다. 특히 안마...바디프랜드 안마의자 ‘팔콘 SV’, 세라젬 '마스터 V9', 제스파 '소노디아' 등이 있다. 또한 롯데하이마트는 5월에도 '다품목... 2025.05.02",https://v.daum.net/channel/43/home,,,,mixed,AS/고장 불만,목/어깨 마사지기,ok
2026-06-07T13:13:32+09:00,daum,daum_search,daum_html,Zespa,제스파 AS,헤럴드경제,"개별문서메뉴 톡으로 바로 공유 공유하기 롯데하이마트 “4월 ‘전동쎄’ 최대 810만원 절약기회” 큐브에어’, 쿠쿠전자 ‘인스퓨어’ 등 구매 시 애프터서비스( AS ) 5년 연장보증보험 서비스를 제공한다. 안마기기, 멀티 쿠커 등 생활...있다. 롯데하이마트는 코지마 ‘더블모션’ ‘뉴에라’, 제스파 ‘엘라가르’ ‘포레체’, 세라젬 ‘마스터 V9’ ‘파우제 M8... 2025.04.03",https://v.daum.net/channel/19/home,,,,negative,AS/고장 불만,온열/공기압,ok
2026-06-07T13:13:32+09:00,daum,daum_search,daum_html,Zespa,Zespa massager,어학사전 새창,,http://dic.daum.net/search.do?q=Zespa+massager,,,,negative,AS/고장 불만,AS/고장/내구성,ok
2026-06-07T13:13:32+09:00,search,daum_search,daum_html,Zespa,Zespa massager,지도 새창,,https://map.kakao.com/?from=total&nil_suggest=btn&tab=place&q=Zespa+massager,,,,negative,AS/고장 불만,AS/고장/내구성,ok
2026-06-07T13:13:32+09:00,daum,daum_search,daum_html,Zespa,Zespa massager,백과사전 새창,,https://100.daum.net/search/entry?q=Zespa+massager,,,,negative,AS/고장 불만,AS/고장/내구성,ok
2026-06-07T13:13:32+09:00,daum,daum_search,daum_html,Bodyfriend,바디프렌드 후기,베이비뉴스,"개별문서메뉴 톡으로 바로 공유 공유하기 4 [가전 트렌드] 바디프랜드 , 헬스케어로봇 팔 마사지부 정렬 제어 기술 특허 획득 外 한편 바디프랜드 는 2026년 4월 말 기준 국내외 특허·실용신안·디자인 등 총 2306건을 출원했으며, 이 가운데 1132건을 등록·보유하고 있다. 또 업계 최고 수준의 지식재산 경쟁력을 인정받아 2025 기업지식재산대상에서 지식재산처장상을 수상했다. ◇ LG전자... 2026.05.14",https://v.daum.net/channel/250/home,,,,neutral,구매 후기,마사지건,ok
2026-06-07T13:13:32+09:00,daum,daum_search,daum_html,Bodyfriend,바디프렌드 후기,한겨레,개별문서메뉴 톡으로 바로 공유 공유하기 3 “부족한 ‘오행’ 채워드려요”…유통가 휩쓰는 ‘사주·무속’ 마케팅 찬 후 협업 제안이 늘었다”거나 “돈이 들어온다”는 광고와 후기 가 올라온다. ‘길운오행염주’를 판매하는 풍수 소품 브랜드...정통사주·신년운세·연애운·사주궁합 등을 체험하게 했다. 바디프랜드 는 지난달 말 서울 코엑스에서 ‘웨어러블 인공지능(AI) 헬스... 2026.03.04,https://v.daum.net/channel/17/home,,,,neutral,바이럴/광고 의심,기타,ok
2026-06-07T13:13:32+09:00,search,daum_search,daum_html,Bodyfriend,바디프랜드 AS,구매 50+,"[N포인트 10만] 바디 프랜드 팔콘N 안마의자 헬스케어로봇 AS 5년 4,600,000원 5% 4,370,000 원 무료 바디프랜드 공식 평점 4.89 리뷰 56",https://ader.naver.com/v1/8CwuvyfyNiC2gXCEpVe_ZVhlX32ALZDd5AoScgoziMmQStY1YQlVKckpYXUKQ7H1DCH0nhz4t1TDsJPh9Tll0hVE9fy1heOk8AfAWWQpb6dzh7C8grjfZ6t7wu66kKJbfx01lpyjROFbBRYNCiFwo56x9G6a0ungBahqrUODZw5DX39MND7X8KbPG5iPK7-zI-3rwngB0VjjISVgY61MkoU-hE69C0_hYzl8nS5koF5E2GSwk6ILGAinNVpmTlUhRTk8Sg0tIyPJJXCEVlzfFQCHJT3UieDAs0qf6a8GET4JW_c8GEff0WVCpPM7D7bq?c=daum.ch4&NaPm=1,,,,negative,AS/고장 불만,안마의자,ok
2026-06-07T13:13:32+09:00,search,daum_search,daum_html,Bodyfriend,바디프랜드 AS,구매 200+,"[N포인트 10만] 바디 프랜드 팔콘i 안마의자 헬스케어로봇 AS 5년 2,970,000원 10% 2,670,000 원 무료 바디프랜드 공식 평점 4.84 리뷰 422",https://ader.naver.com/v1/8CwuvyfyNiC2gXCEpVe_ZVhlX32ALZDd5AoScgoziMmQStY1YQlVKckpYXUKQ7H1DCH0nhz4t1TDsJPh9Tll0hVE9fy1heOk8AfAWWQpb6fYc1eiV2d71qy-L3A-1wMmQOJqD0FewTYH3OYFujoOX7D4UrKsl3WVI_1JWhNC7UXLLfjYYXQ8PsjkUNl8vZG3CL7Qk0j6Tcz5yOpejPnFveiYiZK8fiOEX6RPz7aqtpAyoMI4o_GgU2WrQBweD9krbc7JJ-FBtECYVn_kj_TtoTtKPHIZmhkdb1r5ut2ySIqRMAZ-9BGlE4wof6_Vg8Lz?c=daum.ch4&NaPm=1,,,,negative,AS/고장 불만,안마의자,ok
2026-06-07T13:13:32+09:00,search,daum_search,daum_html,Bodyfriend,바디프랜드 AS,구매 140+,"[N포인트 10만] 바디 프랜드 카릭스로봇 안마의자 헬스케어로봇 AS 5년 2,700,000원 1% 2,670,000 원 무료 바디프랜드 공식 평점 4.86 리뷰 138",https://ader.naver.com/v1/8CwuvyfyNiC2gXCEpVe_ZVhlX32ALZDd5AoScgoziMmQStY1YQlVKckpYXUKQ7H1DCH0nhz4t1TDsJPh9Tll0hVE9fy1heOk8AfAWWQpb6duE6s3KfjComNB1BZADuOtmiyX0AwrGEallxtDeQQwbYH7ttrShHpxo9RcMa4adctu70sPBdvCX4n72-1hJNuhVRdqJdCMTTyc6nk1_Ksrzi3gWZ5kRJpKFmSLihHA1Cajz4HkxH6ahiIg963Wzu0320lbaQ8owxKxWDEeKY7ebMOoSs8IEvPsmJKgR2KO9t5VjTGN9B5mGQYXDOo2C7Ly?c=daum.ch4&NaPm=1,,,,negative,AS/고장 불만,안마의자,ok
2026-06-07T13:13:32+09:00,daum,daum_search,daum_html,Bodyfriend,바디프렌드 팔콘 후기,베이비뉴스,"개별문서메뉴 톡으로 바로 공유 공유하기 6 [가전 트렌드] 음식물처리기 수요 확대… 1인 가구 92.6% “구매 의향” 外 실사용 후기 (70.5%), 관리 편의성(43.0%), 디자인 및 공간 활용성(38.1%) 등이 꼽혔다. 특히 1인 가구는 가격과 실제 사용 경험을 중심으로 제품을 비교하는 경향이 뚜렷한 것으로 분석됐다. '1인 가구용 음식물처리기 구입 의향'에 대해서는 전체 응답자의 98... 2026.04.24",https://v.daum.net/channel/250/home,,,,neutral,비교 질문,안마의자,ok
2026-06-07T13:13:32+09:00,daum,daum_search,daum_html,Bodyfriend,바디프렌드 팔콘 후기,에스티엔,"개별문서메뉴 톡으로 바로 공유 공유하기 ""설에도 멈추지 않는 건강 경영""... 바디프랜드 , 스포츠 ESG로 브랜드 가치 높인다 수 있도록 했다. 최근 출시된 메디컬 팬텀로보, 다빈치 AI, 팔콘 2026을 비롯해 퀀텀 뷰티캡슐, 에덴로보 등 다양한 헬스케어로봇을...상당의 혜택이 적용된다. 일부 제품 구매 고객에게는 구매 후기 작성 시 적외선 온열기를 증정한다. 단순 할인에 그치지 않고... 2026.02.14",https://v.daum.net/channel/285/home,,,,neutral,구매 후기,안마의자,ok
2026-06-07T13:13:32+09:00,daum,daum_search,daum_html,Bodyfriend,바디프렌드 팔콘 후기,대한경제,"개별문서메뉴 톡으로 바로 공유 공유하기 [Wellness Appliances] 바디프랜드 라운지, 설 연휴도 정상 영업 공간을 제공한다. 최근 출시된 메디컬 팬텀로보, 다빈치 AI, 팔콘 2026은 물론 퀀텀 뷰티캡슐, 에덴로보 등 다양한 헬스케어로봇이...원 상당의 역대급 혜택을 받을 수 있다. 일부 제품에 한해 구매 후기 를 남기는 고객에게는 따뜻하게 건강관리를 할 수 있는 적외선... 2026.02.13 베이비뉴스 2026.02.13 바디프랜드 라운지, 설 연휴에도 정상 영업 전자신문 2026.02.14 바디프랜드 라운지, 설 연휴에도 정상 영업 시사위크 2026.02.13 바디프랜드 라운지, 설 연휴에도 정상 영업 더보기 이전 컨텐츠보기 다음 컨텐츠보기",https://v.daum.net/channel/552780/home,,,,neutral,구매 후기,안마의자,ok
2026-06-07T13:13:32+09:00,search,daum_search,daum_html,Bodyfriend,바디프렌드 안마의자 추천,구매 10+,"[N포인트 10만] 바디프랜드 의료기기 메디컬파라오 2026 6,900,000원 0% 6,870,000 원 무료 바디프랜드 공식 평점 4.96 리뷰 48",https://ader.naver.com/v1/XGjW--nEnzxGPNL4ARVVACjtpZuIpHknwcO5M6LWm5Ddv14xFmZ4NvVjPUn0G3WlVEIXr0ifGuzNTok4r1tSw3q5JX-GXRThhC5RJH1JmAwgpNb_K7KlzaDC-Yfl2TldzzL37LYWN2--jMNy73f42I1Nr5R0zb4Os4foRIWvkHcfueJVFRzpQWL0tesnQ_cgVHiyF8-pKoapNzr_BkptTxNAelLwf0AlD2F0kZXVu5lkvhOhCCKOSTBl_-mzPSHCy9zHu0kCIqVic04JmD_YqZ7uBYX7BpGiP_F-ebLZaitXjzE_jjcAy6rxfvv4BKli0HyPKioLEO5uUvoio-MdGA==?c=daum.ch4&NaPm=1,,,,positive,추천 요청,안마의자,ok
2026-06-07T13:13:32+09:00,search,daum_search,daum_html,Bodyfriend,바디프렌드 안마의자 추천,구매 10+,"[N포인트 10만] 바디프랜드 의료기기 메디컬팬텀로봇 5,900,000원 0% 5,870,000 원 무료 바디프랜드 공식 평점 4.83 리뷰 6",https://ader.naver.com/v1/XGjW--nEnzxGPNL4ARVVACjtpZuIpHknwcO5M6LWm5Ddv14xFmZ4NvVjPUn0G3WlVEIXr0ifGuzNTok4r1tSw3q5JX-GXRThhC5RJH1JmAz5EqObJvodkCcX1OSYqe7BY5C6liBGZRJQAncdIHmGvyLrH6tg0nxzLGtcVDqvtoD7BunYaNO6O6DkKmtpP4BAIuXHSfUECMF2QDr6L8LmVKf5_fo9j0IqSqNUAWKDs7qUuhQUnhpA9nJFq0rWT7SkCCHn1fwliS963fCD-PC4MFshwpUPCPhTPm8SWLRxRt8hj6oI-fmMEAzhonKbWjTvzYWysV0Kdi3V8P52Nn7OpA==?c=daum.ch4&NaPm=1,,,,positive,추천 요청,안마의자,ok
2026-06-07T13:13:32+09:00,search,daum_search,daum_html,Bodyfriend,바디프렌드 안마의자 추천,구매 50+,"[N포인트 10만] 바디프랜드 팔콘N 안마 의자 헬스케어로봇 AS 5년 4,600,000원 5% 4,370,000 원 무료 바디프랜드 공식 평점 4.89 리뷰 56",https://ader.naver.com/v1/XGjW--nEnzxGPNL4ARVVACjtpZuIpHknwcO5M6LWm5Ddv14xFmZ4NvVjPUn0G3WlVEIXr0ifGuzNTok4r1tSw3q5JX-GXRThhC5RJH1JmAxlgdKpWkqhhYvUyxY_DTStnVMICWzmhpyoAt0kXD_LXqo2eD67OKgV-LBBiktdhLSCozbI-9tOng2GKfwExcJ_vUTJ1vhkWOArEhTllIuAOFaRodKMVg4X2lsn1qtVGHM86nbQbCoRX8-j5SmN0yJqWs7wHtKYsqagBJfLeZoH2QNjRRnGNdW8yoBhD2wVgkzllYBsjbIS3JININDT6kd54xk8bjfxT5C_PUaklx4KOA==?c=daum.ch4&NaPm=1,,,,mixed,AS/고장 불만,안마의자,ok
2026-06-07T13:13:32+09:00,daum,daum_search,daum_html,Bodyfriend,Bodyfriend massage chair,매일경제,"개별문서메뉴 톡으로 바로 공유 공유하기 Bodyfriend teams up with KBO to launch baseball-themed products strong synergy with healthcare,” said an official from Bodyfriend . “We hope baseball fans can relieve muscle tension and...with various industries, including launching a massage chair in partnership with Lamborghini. That limited-edition product... 2026.04.30",https://v.daum.net/channel/7/home,,,,negative,AS/고장 불만,안마의자,ok
2026-06-07T13:13:32+09:00,daum,daum_search,daum_html,Bodyfriend,Bodyfriend massage chair,코리아헤럴드,"개별문서메뉴 톡으로 바로 공유 공유하기 Bodyfriend launches massage chair with body composition analyzer Davinci at a press event held in Seoul on Thursday. (Yonhap) South Korea’s leading massage chair maker Bodyfriend on Thursday launched a new massage chair , called Davinci, which analyzes users’ body composition and offers more customized massage ... 2023.06.22",https://v.daum.net/channel/22/home,,,,negative,AS/고장 불만,안마의자,ok
2026-06-07T13:13:32+09:00,search,daum_search,daum_html,Category,부모님 마사지기 추천,구매 240+,"동국제약 센시안 무선 목 어깨 마사지기 (DKP-C001) + 센시안 핫앤쿨 바디 테라피겔 100ml / 승모근 거북목 일자목 온열 안마기 부모님 효도선물 149,000원 39% 90,000 원 무료 동국제약 생활건강 공식 N Pay+ 평점 4.77 리뷰 221",https://ader.naver.com/v1/eY7AErYTR6F8P2rTe7T3XsJg7h3PBtFOwmeXEwirsaeqxjH-zxaSubj0faHazK5fuzya32GY3i-wWdh3y6SsJS2AuFCGJ-2kfh95unpO1vi9Gnuxd9vxqvDZrNbdRevCd9awhHWfTinbtFuAQ-rSHDk_VXV0RQDHvQqLOfjp_8lm_zbQqw0kpcKP3zrWhdg7iunipxqJXhsLZMayHpuLgbgckxy1U7I88oWERXIOBJiGS8qHoVD8E_JI4kYJpphCWynKYnyonl-Y9t2nacb001Occ1r9Amw16lqIb1z9a4hNQVx6XuTBw-NtxCuhMQlPCRr8S2_Jbsu9noOAvg0e_7sfeUf0CWR6WOD6QdDEadTWeFivP0XtFwXCHWpgd0_boElGkfd-eyCZ-CYfpz-VNikFBcePN-GcCqtJQF70L-DuxeFmXa4k1Wt9AJnQ5YgxfNyJ8qCAVs5PEKLtXEh18n1zxy5L4sw9ouKviDmH91PBfj9Z8tjaw7toozdqoTI67JwPyH8gcX2f3tqJ1fmOBbDy9xk5qBIvwK3OZkEv49A=?c=daum.ch4&t=0,,,,positive,추천 요청,목/어깨 마사지기,ok
2026-06-07T13:13:32+09:00,search,daum_search,daum_html,Category,부모님 마사지기 추천,구매 470+,"비타그램 의자 안마기 전신 의자형 안마의자 부모님 선물 에어롤렉스 브라운 299,000원 33% 199,000 원 무료 비타그램 공식몰 공식 N Pay+ 평점 4.7 리뷰 999+",https://ader.naver.com/v1/nWlHmAnMFklGYqcdoHWyg_nFOB7-X_p3Ec6nupPDax3RIzGfOSb5pOa2qlX64QuAvA3uB2WCA_ZltDlVq48Kj27iszg0ThRNwTKwoQr0ULiQsc6T2FDd3148Q3ejol4y_74loIEuLvMxKQDfG5oQhGwaZy_I8s8skxMjGdQ5HKQMqNLpQuAB2xlMsc3B5hwFvfZDxpaGrCeIjR1SMi8WRx11WAuy3hIJSkM4t21qKwlvU4rtmuwAcsZymJYjAAByP1u0zgQD_KnL3wjYbEtF9jdpA7hVzQNfAmzfRqwYNMuV_ID2a7M7qFOmZUSLlGUUqHYauAZeVBOPBRm_6GrzkILbanswDU84Lf_BB8eHbx6g9XdYTPYVHW3ixTDtAe2hfHStCTCp1BVdJtm4drA7iJpOsPcXox_9Ji4FL4ddJJh9saBQ4CiRhf_bpfvzmH8P7Wvb_u2y18TH8Q3jgdHksa34c7FcfS89xAGxSelKENEZKB5ccSiVzrmQkTuVwrPJNLIdB42j7gUqjgCSyrrD_QqBDISe656xMCSbhkfENas=?c=daum.ch4&t=0,,,,positive,추천 요청,안마의자,ok
2026-06-07T13:13:32+09:00,search,daum_search,daum_html,Category,부모님 마사지기 추천,구매 40+,"설날 여행/선물 한경희 효도 부모님 선물 저주파 마사지기 모음전 49,000원 39% 29,800 원 무료 A to Z 스토어 N Pay+ 평점 4.65 리뷰 72",https://ader.naver.com/v1/LFxY_aveV3AI20BGEtGi9uPpKV9DyNomv5ndZ21VQi9jTf5L6OgUItrxlJ0X7VU4nkitW24JASfDRflWLfyi-uRE0zdMjAqeDr2J3Zd6cgmekxDcIi25SVqcToOcsE7GNgnhxrHFvgxqXAh16GJWEY9LbmxIIL5rDXqgZ7ZtDXE5m8t8-4HKJ2-cPkw_DFHiAOA3m11Ioz82ZXcTj4G5oZdEjRko_ZnoINa8Zs7k-sp-ZXUbE634g60tInW3iyeVFx_aNKvmMYBbfS0Mgt2fU6peT4IcWiUa98gD77MhLaHwsqka1ct3Owq34MsBvAjDnSPrI8roeJyWNdL-vAejCaKG4h9oVQbHrJYM0v1jdag=?c=daum.ch4&t=0,,,,positive,추천 요청,부모님 선물,ok
2026-06-07T13:13:32+09:00,search,daum_search,daum_html,Category,발마사지기 추천,구매 1천+,"풀리오 발 마사지기 379,000원 36% 239,000 원 무료 풀리오 공식 N Pay+ 평점 4.78 리뷰 999+",https://ader.naver.com/v1/fbs6Xavkr7v7VOdCpb283gfv4_DUXPU48O2TgDprUgGqWOx_j2ndbgBa5gpsViP6TB2TjzoopZKt7cBYi1zhW39inheMjgppohSMgPT2mceSx-xRDNQEfUky3vtnT5nD_RAAkY4VyRJRex1LRB3t9dVhfGnBHGxyZqbsvl9nZGV75_EOMjYUT-2fKW1NJenqHRgJjvSXY3p8m0NUiL1D6xSorbEJrMEynUYjAgXUsBkFZrH0alt1xKRDexh7cFFeU6cTouB3O99C5geBhcq3-2IlxFtc_evZmxeP5T51QQxh6W3VTk--3P6ZZoUuhobJLfSkRye5e2SlSOxLgpHn8Ena03aY_VNfYwSrYD1QtfFZIBcLuwshzdOx2hxRTA-R2EfClJcoTGyF4IgmpVBKCxKDR4yNUYwIfAovNyZAN0B57s7Kk15HSpDxor6fVJeoLm3r-6gtcaa14Ehe8QIfqVVe7zZGLlkYik_7-Z_42P6czk9MtjpaGYVHdQg-1uFL_1VFzBFDpOAgt4uyTUug_u6l3fLPGdQ1naZB9pvc5u0=?c=daum.ch4&t=0,,,,positive,추천 요청,발마사지기,ok
2026-06-07T13:13:32+09:00,search,daum_search,daum_html,Category,발마사지기 추천,구매 650+,"코지마 리에너 다리 마사지기 CML-102WL 299,000원 46% 159,000 원 무료 코지마 공식 N Pay+ 평점 4.81 리뷰 999+",https://ader.naver.com/v1/8EydTTBy8NAe8nYNWJyGJiTM_Qzv2aRdSErrI4-FjQbFawltU9NDsNc0hl536DHdaC6Ce6BeiN8F1dtuZzGvDfzALWkq3LpZEejZiircXlZ6uNoshMb_eYgbgzw2IZiozeeJQ3xo9ja7789cBiCZcBVJTmNQOEAmZ67VgrFbtR3knQ2LdgQ34Pzls9-9EYc9ict8WYczblDB-TXHdYSkpYMZ0n8JcjBDYdhD7kJM3ZxldkpUo7Dj1-2Z_LfVlSU99h8mZVoH6MAtlxvjbwS4b1f8N95RU52scCl_UxQnVcuc79qqzVF_w5JxOIzwb-01YWNsfRlefbl7KsqOmWCTT1aNRkSE5VEfs0j1fOVF1gI=?c=daum.ch4&t=0,,,,positive,추천 요청,발마사지기,ok
2026-06-07T13:13:32+09:00,search,daum_search,daum_html,Category,발마사지기 추천,구매 350+,"닥터웰 종아리 공기압 마사지기 발 안마기 에어라이너 HDW-5000 본체+다리 198,000원 26% 146,000 원 무료 닥터웰 공식 N Pay+ 평점 4.75 리뷰 999+",https://ader.naver.com/v1/OFQMKdvu1CfKuQvyotybD4SNq0IIr0dpB88BauHQi_TdXyQMcEJSYK2D0n3IVX9tWlRUZgEbz1sZpbiOx6lzjsc1yXqFYa2NkLj1_6QejGM_ZvAndyNgJu8TsmnK_36Py6ENWmDZmpIUfmITSd2Fj88ZUMhhmdW_BvaiwlkSg312DdiBIqpQT-Bpyah-8NomQPGXLyz6ZHHm5bVhfIJmlN7U_dXNlD6DQZHqCDVE_3E1A-eLptEXmXbZtrzzJ3Xf60SlIBeZn8MKbTUa_-eHYoMa2EmDyDh-K-AiroWiSdhN-r0VrujmUukMn0Of_enwhlILXWx2_Owq5xBzMRjgfRt7xI58lDneRJuysd51PpjcrbJ2bECgK64DSLnc01tIwKSVVhwsl0vfkeI0DymCsYmOjk-mxKoQaUSb2COTVVhfm8LOD1ERMU7mu9hwJAJH0yQ-GXSdFdTEKyrcjNIb_WWV00Doeuu6KMWWSo_f0Jo8BcW89wzzQ2U7kJnNrPNPnTA4ccvTJSJWlEi7yCkfPsRP-h5jb4Mb8HUHhOorxthyzXWnFIZSPjMLII_jL8pCDF9-kbmxbaUISVm203KIY7DKXaH5QFVAMZ78agCROcoer6sRATWuKaPyVotchxX7NlggOX_HIx-jL7Vdu4_fZ2yAKN2JjUXWiO3mQglPhgo=?c=daum.ch4&t=0,,,,positive,추천 요청,발마사지기,ok
2026-06-07T13:13:32+09:00,search,daum_search,daum_html,Category,종아리 마사지기 추천,구매 650+,"코지마 종아리 마사지기 리에너 CML-102WL 299,000원 46% 159,000 원 무료 코지마 공식 N Pay+ 평점 4.81 리뷰 999+",https://ader.naver.com/v1/W0P9QUnsnxCflF2I2nY8MMylNLKW8UbPFiU7ilEwPBN0_yO0dTziAGOpGdWDGmY4kk8k6uDvIHcQCdKkhkqVMakxFkJ1MYxltUsWm0FcCkqWSvwBXLRFR4OlQ-J0FJ7KoQSGvsn-AMipTnIXZY1gG4JMHEgXmN5fO9iUnM_6v8Ua_dlXPMFt9JfPu6_tboA9tWSfFqc9mKqLy5jzAJSqOWdsdqMjzN6P1gDsfVRCjACo-MWjK8lLYqD_fylZC5Z2RslkYtPGNWX65dVdBZcrPSgm-i6biEkTb3ztq-ZIMLMb9tHMZ8ir4INO1qe4Ofh1dudd3Fq2lv3IO-EsBDLif8qUglKpwlmUplkpWRl8nic=?c=daum.ch4&t=0,,,,positive,추천 요청,종아리 마사지기,ok
2026-06-07T13:13:32+09:00,search,daum_search,daum_html,Category,종아리 마사지기 추천,구매 350+,"닥터웰 종아리 공기압 마사지기 발 안마기 에어라이너 HDW-5000 본체+다리 198,000원 26% 146,000 원 무료 닥터웰 공식 N Pay+ 평점 4.75 리뷰 999+",https://ader.naver.com/v1/L7dgx-n94p9Ey1Xcd1XEM28E5XAbX3xZD4ViOIRZrBNg0yYHKwI4L4-eUo9npyx5CGNCRd1ht9dSXNZeCnuRbX1GaKeNYVXQFFpbpeN4Ai5tJJGZ3clEsn8piPRr1iqN4x4-IF-rzAmsB0awFjZAZHA1JwBXFbv0M0ahTwPwsFkETLJ6KYpHbe6oOHAz4yOo3-3VfzLIlmDdSVMkOSowOcwo4TR87tQNBnBcScUul1DIk7JF76AjSUcnNFw4Yw5asx9w4hcPDLF1_-wO6IwNarFff8FQvCumjIprfgsTBc_lAgUMDZ7_uc-15VlYZfXkwMbmK78rkmB0Y1NqvvpZ52FhyGbYpfSyTnrtdrvuk1sJadZVdzerhY3-KzFnzHZ-t7kVQa6IfT0Rld5mrqDsfKKkGrlBaxeerNgBANLE67QVT6q2kAJ8TPOubnekKIAWDHqCebajpR2JjHWTSPAsxCR7FcLSChUzY77MVKX65GhE6CLsTjM9q6vq2a1AXW-b2Qge_RIoblibsL7rQLS-_khgbC5KErUWVEnrLCM6FIsAfAKv6uiuz0YkqyfEuyV9iQ2MMp_IhhM1LOgjSBSx0oO43cbJ1RZaitAZCDsqNJHjEcdLCWGaEudyvlZCOu8IOHM8RR4YjmNPexwix1e7_s2j8XRmgnrphAsfnkRw0pqFuXCBUi9RwLS-_b3xZxWx?c=daum.ch4&t=0,,,,positive,추천 요청,종아리 마사지기,ok
2026-06-07T13:13:32+09:00,search,daum_search,daum_html,Category,종아리 마사지기 추천,구매 450+,"비타그램 미니 종아리 다리 붓기 부종 마사지기 75,900원 47% 39,900 원 무료 비타그램 공식몰 공식 N Pay+ 평점 4.74 리뷰 999+",https://ader.naver.com/v1/E9QXTLDVPp6lkqVWrACJNCCuzv3MlHDwQs12SRzigCTevnXpN27d-jqEZJZ7RGu2tKm-RF7x-zSWSRetaEkGlwWyN212QR6SfVq4r3HDdEW4yhSJKZ3DKOS3Ix4X1bee7tz9kcCC0JgB9IdoVZ-k_YRRIQ4B98aa-pnrYR9CBgv51YEng3-encbLCZbnuMe_l8U1f2LwrgfEF-llWDIgK8ThvprFN3_ZVGvbuj9rQgLo_D3F6fRpVXweyW8NB5tSsRmFCcMkBgIfE8fkS9ERkS8EmlnHozKjx4KBVmFNcyNBG3jgZYHKBTqmRU7mXX27-AfUQW8Z0kJ2TnxVycaiiJ67r8Xrls42hv2N9uSGrEpwSa3jKOz03oMdHxguUtUx6xnIRfd7BfMmne-qVik2SI1r_vt_BCSaqH_armifEZa6UIPSJKPN-2UpUBfBMzDUMSw2u81NSBGvcjhb6d-eLA6_uDOCG7AxOrG7098C6whzpspYj1Oii6NrAkCD6IWvQqi10FbVHR6ESDlje7xJ6jen6dXuSbQY7V-2kNuJeDY=?c=daum.ch4&t=0,,,,positive,추천 요청,종아리 마사지기,ok
2026-06-07T13:13:32+09:00,search,daum_search,daum_html,Category,안마의자 추천,구매 260+,"[N포인트 20만] 바디프랜드 카릭스로봇 안마 의자 헬스케어로봇 의무60 직접관리 추가비X 49,000원 5% 46,500 원 무료 바디프랜드 공식 N Pay+ 평점 4.89 리뷰 295",https://ader.naver.com/v1/yfKRcNGBIWKey_qM7sUEVW9AwqQSSCxDftMjIwfZMiMDWZQraoyucd-HgrExTXkVhtxE7wryH7vVcw3Vydw1ap8x1qpIuaT5p4SDR94Suze1UXIvsQtgqcqpevjHp0vJzh2vLoJIHKjjEHDnQsfeSmSAoz4Lpn6tnny2ZZDiqd2aPK1W_SfF76Vsz27gGUC5rnq0rAX6F6lzDGbCXJtiOPhUnzyjg4uV-e9dO953akYQ6SzCp4cgg98tlefMBUiSOf4dpluIdMcbO1c2VU3d2M4UiNQn-V-RgPvUaOfk-HJ6doEDap1wVnn7fDAYjOPVKzqy4BkJLovWcS9KfPsENrfIXky20X7KcO6XwIfLFzbtQciWLTYSXSmnouTnN8u7?c=daum.ch4&t=0,,,,positive,추천 요청,안마의자,ok
2026-06-07T13:13:32+09:00,search,daum_search,daum_html,Category,안마의자 추천,구매 420+,"[N포인트 30만] 바디프랜드 뉴팔콘 안마 의자 헬스케어로봇 의무60 직접관리 추가비X 65,000원 4% 62,000 원 무료 바디프랜드 공식 N Pay+ 평점 4.91 리뷰 298",https://ader.naver.com/v1/uYGZ0ILxGc4qbsUp0qNKpllqSRoCMv3WQLHpZP3yWVI8XAXYpNW5giIyy22l9HPmkpltc5tVG33EH3glAt3ucaUr-UWlnPg2oI8nu_6cM3GMlJwmFueOC0EhhzzD-OqIrsf6YWP66vvetqzJ9XlEPGNyD1L4d8nHMQzo9w04GN5-MyPBF5HcjCArj1blny8JMc6yJ6RLggCp-LKOzJtc8DXArmj2zhLgvMUuycfRyacnHqkLZiiCtovhZB8ZNopCyCm7Eu1jYFcNEzjpNhBKxumkRfMGmc4eX_4JxxIL3WWb2QGuHFUNOfkL1sziGU7mxeVaTyFkRWd269yfcl8Mu-AEjwtVB4hBxJZH6qZHuD_z3D2z2MKWiP96Hsn3_y2m?c=daum.ch4&t=0,,,,positive,추천 요청,안마의자,ok
2026-06-07T13:13:32+09:00,search,daum_search,daum_html,Category,안마의자 추천,구매 110+,"[N포인트 30만] 바디프랜드 카르나로보 안마 의자 골반저근케어 의무60 직접관리 추가비X 65,000원 18% 53,000 원 무료 바디프랜드 공식 N Pay+ 평점 4.92 리뷰 156",https://ader.naver.com/v1/LFxY_aveV3AI20BGEtGi9pbB8Czu3gE2E0CWfPR0EgZGtvYf8YrcuJ73VTGOjN7aA_kMl6tsszGNa-7jzYwsQnM1JoS1PcTWprEuZ8UU_KO4O7ylHwXFt0Wn1wEaUcaRiD61psqg2iztJ8sJtjwCO11a0SehabupL9lfKl4Zs5Aa-9bDuhXOJOxwPBR_sB0_Or82fqclXyg2CBaDcxfq2UYnLWjXSb_LTgM0SPrNcJ0cGalaRCcc_9YYJuJ3uqLnhNWEr2rKvXP0y1JwUiZhHTw6n4CJ69pw0AHPUAafI-6b1-icA1U6RvlE6XD3kS8Pd161EYcImy0_UXJcutFy5XrjPpgm5aOmfZuA-Bd1_gtgJiljw8qwf2cj0fZO4tx8?c=daum.ch4&t=0,,,,positive,추천 요청,안마의자,ok
2026-06-07T13:13:32+09:00,daum,jina_daum_search,jina_reader,Zespa,제스파 후기,본문 바로가기,제스파 후기,https://search.daum.net/search?w=tot&q=%EC%A0%9C%EC%8A%A4%ED%8C%8C+%ED%9B%84%EA%B8%B0#daumBody,,,,neutral,구매 후기,기타,ok
2026-06-07T13:13:32+09:00,daum,jina_daum_search,jina_reader,Zespa,제스파 후기,메뉴 바로가기,제스파 후기,https://search.daum.net/search?w=tot&q=%EC%A0%9C%EC%8A%A4%ED%8C%8C+%ED%9B%84%EA%B8%B0#daumGnb,,,,neutral,구매 후기,기타,ok
2026-06-07T13:13:32+09:00,daum,jina_daum_search,jina_reader,Zespa,제스파 후기,로그인,,https://logins.daum.net/accounts/loginform.do?url=https%3A%2F%2Fsearch.daum.net%2Fsearch%3Fw%3Dtot%26q%3D%25EC%25A0%259C%25EC%258A%25A4%25ED%258C%258C%2B%25ED%259B%2584%25EA%25B8%25B0,,,,neutral,구매 후기,기타,ok
2026-06-07T13:13:32+09:00,daum,jina_daum_search,jina_reader,Zespa,제스파 발마사지기,본문 바로가기,제스파 발마사지기,https://search.daum.net/search?w=tot&q=%EC%A0%9C%EC%8A%A4%ED%8C%8C+%EB%B0%9C%EB%A7%88%EC%82%AC%EC%A7%80%EA%B8%B0#daumBody,,,,neutral,기타,발마사지기,ok
2026-06-07T13:13:32+09:00,daum,jina_daum_search,jina_reader,Zespa,제스파 발마사지기,메뉴 바로가기,제스파 발마사지기,https://search.daum.net/search?w=tot&q=%EC%A0%9C%EC%8A%A4%ED%8C%8C+%EB%B0%9C%EB%A7%88%EC%82%AC%EC%A7%80%EA%B8%B0#daumGnb,,,,neutral,기타,발마사지기,ok
2026-06-07T13:13:32+09:00,daum,jina_daum_search,jina_reader,Zespa,제스파 발마사지기,로그인,,https://logins.daum.net/accounts/loginform.do?url=https%3A%2F%2Fsearch.daum.net%2Fsearch%3Fw%3Dtot%26q%3D%25EC%25A0%259C%25EC%258A%25A4%25ED%258C%258C%2B%25EB%25B0%259C%25EB%25A7%2588%25EC%2582%25AC%25EC%25A7%2580%25EA%25B8%25B0,,,,neutral,기타,발마사지기,ok
2026-06-07T13:13:32+09:00,daum,jina_daum_search,jina_reader,Zespa,제스파 종아리 마사지기,본문 바로가기,제스파 종아리 마사지기,https://search.daum.net/search?w=tot&q=%EC%A0%9C%EC%8A%A4%ED%8C%8C+%EC%A2%85%EC%95%84%EB%A6%AC+%EB%A7%88%EC%82%AC%EC%A7%80%EA%B8%B0#daumBody,,,,neutral,기타,종아리 마사지기,ok
2026-06-07T13:13:32+09:00,daum,jina_daum_search,jina_reader,Zespa,제스파 종아리 마사지기,메뉴 바로가기,제스파 종아리 마사지기,https://search.daum.net/search?w=tot&q=%EC%A0%9C%EC%8A%A4%ED%8C%8C+%EC%A2%85%EC%95%84%EB%A6%AC+%EB%A7%88%EC%82%AC%EC%A7%80%EA%B8%B0#daumGnb,,,,neutral,기타,종아리 마사지기,ok
2026-06-07T13:13:32+09:00,daum,jina_daum_search,jina_reader,Zespa,제스파 종아리 마사지기,로그인,,https://logins.daum.net/accounts/loginform.do?url=https%3A%2F%2Fsearch.daum.net%2Fsearch%3Fw%3Dtot%26q%3D%25EC%25A0%259C%25EC%258A%25A4%25ED%258C%258C%2B%25EC%25A2%2585%25EC%2595%2584%25EB%25A6%25AC%2B%25EB%25A7%2588%25EC%2582%25AC%25EC%25A7%2580%25EA%25B8%25B0,,,,neutral,기타,종아리 마사지기,ok
2026-06-07T13:13:32+09:00,daum,jina_daum_search,jina_reader,Zespa,제스파 안마기 추천,본문 바로가기,제스파 안마기 추천,https://search.daum.net/search?w=tot&q=%EC%A0%9C%EC%8A%A4%ED%8C%8C+%EC%95%88%EB%A7%88%EA%B8%B0+%EC%B6%94%EC%B2%9C#daumBody,,,,positive,추천 요청,기타,ok
2026-06-07T13:13:32+09:00,daum,jina_daum_search,jina_reader,Zespa,제스파 안마기 추천,메뉴 바로가기,제스파 안마기 추천,https://search.daum.net/search?w=tot&q=%EC%A0%9C%EC%8A%A4%ED%8C%8C+%EC%95%88%EB%A7%88%EA%B8%B0+%EC%B6%94%EC%B2%9C#daumGnb,,,,positive,추천 요청,기타,ok
2026-06-07T13:13:32+09:00,daum,jina_daum_search,jina_reader,Zespa,제스파 안마기 추천,로그인,,https://logins.daum.net/accounts/loginform.do?url=https%3A%2F%2Fsearch.daum.net%2Fsearch%3Fw%3Dtot%26q%3D%25EC%25A0%259C%25EC%258A%25A4%25ED%258C%258C%2B%25EC%2595%2588%25EB%25A7%2588%25EA%25B8%25B0%2B%25EC%25B6%2594%25EC%25B2%259C,,,,positive,추천 요청,기타,ok
2026-06-07T13:13:32+09:00,daum,jina_daum_search,jina_reader,Zespa,제스파 고장,본문 바로가기,제스파 고장,https://search.daum.net/search?w=tot&q=%EC%A0%9C%EC%8A%A4%ED%8C%8C+%EA%B3%A0%EC%9E%A5#daumBody,,,,negative,AS/고장 불만,AS/고장/내구성,ok
2026-06-07T13:13:32+09:00,daum,jina_daum_search,jina_reader,Zespa,제스파 고장,메뉴 바로가기,제스파 고장,https://search.daum.net/search?w=tot&q=%EC%A0%9C%EC%8A%A4%ED%8C%8C+%EA%B3%A0%EC%9E%A5#daumGnb,,,,negative,AS/고장 불만,AS/고장/내구성,ok
2026-06-07T13:13:32+09:00,daum,jina_daum_search,jina_reader,Zespa,제스파 고장,로그인,,https://logins.daum.net/accounts/loginform.do?url=https%3A%2F%2Fsearch.daum.net%2Fsearch%3Fw%3Dtot%26q%3D%25EC%25A0%259C%25EC%258A%25A4%25ED%258C%258C%2B%25EA%25B3%25A0%25EC%259E%25A5,,,,negative,AS/고장 불만,AS/고장/내구성,ok
2026-06-07T13:13:32+09:00,daum,jina_daum_search,jina_reader,Zespa,제스파 AS,본문 바로가기,제스파 AS,https://search.daum.net/search?w=tot&q=%EC%A0%9C%EC%8A%A4%ED%8C%8C+AS#daumBody,,,,negative,AS/고장 불만,AS/고장/내구성,ok
2026-06-07T13:13:32+09:00,daum,jina_daum_search,jina_reader,Zespa,제스파 AS,메뉴 바로가기,제스파 AS,https://search.daum.net/search?w=tot&q=%EC%A0%9C%EC%8A%A4%ED%8C%8C+AS#daumGnb,,,,negative,AS/고장 불만,AS/고장/내구성,ok
2026-06-07T13:13:32+09:00,daum,jina_daum_search,jina_reader,Zespa,제스파 AS,로그인,,https://logins.daum.net/accounts/loginform.do?url=https%3A%2F%2Fsearch.daum.net%2Fsearch%3Fw%3Dtot%26q%3D%25EC%25A0%259C%25EC%258A%25A4%25ED%258C%258C%2BAS,,,,negative,AS/고장 불만,AS/고장/내구성,ok
2026-06-07T13:13:32+09:00,daum,jina_daum_search,jina_reader,Zespa,Zespa massager,본문 바로가기,Zespa massager,https://search.daum.net/search?w=tot&q=Zespa+massager#daumBody,,,,negative,AS/고장 불만,AS/고장/내구성,ok
2026-06-07T13:13:32+09:00,daum,jina_daum_search,jina_reader,Zespa,Zespa massager,메뉴 바로가기,Zespa massager,https://search.daum.net/search?w=tot&q=Zespa+massager#daumGnb,,,,negative,AS/고장 불만,AS/고장/내구성,ok
2026-06-07T13:13:32+09:00,daum,jina_daum_search,jina_reader,Zespa,Zespa massager,로그인,,https://logins.daum.net/accounts/loginform.do?url=https%3A%2F%2Fsearch.daum.net%2Fsearch%3Fw%3Dtot%26q%3DZespa%2Bmassager,,,,negative,AS/고장 불만,AS/고장/내구성,ok
2026-06-07T13:13:32+09:00,daum,jina_daum_search,jina_reader,Bodyfriend,바디프렌드 후기,본문 바로가기,바디프렌드 후기,https://search.daum.net/search?w=tot&q=%EB%B0%94%EB%94%94%ED%94%84%EB%A0%8C%EB%93%9C+%ED%9B%84%EA%B8%B0#daumBody,,,,neutral,구매 후기,기타,ok
2026-06-07T13:13:32+09:00,daum,jina_daum_search,jina_reader,Bodyfriend,바디프렌드 후기,메뉴 바로가기,바디프렌드 후기,https://search.daum.net/search?w=tot&q=%EB%B0%94%EB%94%94%ED%94%84%EB%A0%8C%EB%93%9C+%ED%9B%84%EA%B8%B0#daumGnb,,,,neutral,구매 후기,기타,ok
2026-06-07T13:13:32+09:00,daum,jina_daum_search,jina_reader,Bodyfriend,바디프렌드 후기,로그인,,https://logins.daum.net/accounts/loginform.do?url=https%3A%2F%2Fsearch.daum.net%2Fsearch%3Fw%3Dtot%26q%3D%25EB%25B0%2594%25EB%2594%2594%25ED%2594%2584%25EB%25A0%258C%25EB%2593%259C%2B%25ED%259B%2584%25EA%25B8%25B0,,,,neutral,구매 후기,기타,ok
2026-06-07T13:13:32+09:00,daum,jina_daum_search,jina_reader,Bodyfriend,바디프랜드 AS,본문 바로가기,바디프랜드 AS,https://search.daum.net/search?w=tot&q=%EB%B0%94%EB%94%94%ED%94%84%EB%9E%9C%EB%93%9C+AS#daumBody,,,,negative,AS/고장 불만,AS/고장/내구성,ok
2026-06-07T13:13:32+09:00,daum,jina_daum_search,jina_reader,Bodyfriend,바디프랜드 AS,메뉴 바로가기,바디프랜드 AS,https://search.daum.net/search?w=tot&q=%EB%B0%94%EB%94%94%ED%94%84%EB%9E%9C%EB%93%9C+AS#daumGnb,,,,negative,AS/고장 불만,AS/고장/내구성,ok
2026-06-07T13:13:32+09:00,daum,jina_daum_search,jina_reader,Bodyfriend,바디프랜드 AS,로그인,,https://logins.daum.net/accounts/loginform.do?url=https%3A%2F%2Fsearch.daum.net%2Fsearch%3Fw%3Dtot%26q%3D%25EB%25B0%2594%25EB%2594%2594%25ED%2594%2584%25EB%259E%259C%25EB%2593%259C%2BAS,,,,negative,AS/고장 불만,AS/고장/내구성,ok
2026-06-07T13:13:32+09:00,daum,jina_daum_search,jina_reader,Bodyfriend,바디프렌드 팔콘 후기,본문 바로가기,바디프렌드 팔콘 후기,https://search.daum.net/search?w=tot&q=%EB%B0%94%EB%94%94%ED%94%84%EB%A0%8C%EB%93%9C+%ED%8C%94%EC%BD%98+%ED%9B%84%EA%B8%B0#daumBody,,,,neutral,구매 후기,안마의자,ok
2026-06-07T13:13:32+09:00,daum,jina_daum_search,jina_reader,Bodyfriend,바디프렌드 팔콘 후기,메뉴 바로가기,바디프렌드 팔콘 후기,https://search.daum.net/search?w=tot&q=%EB%B0%94%EB%94%94%ED%94%84%EB%A0%8C%EB%93%9C+%ED%8C%94%EC%BD%98+%ED%9B%84%EA%B8%B0#daumGnb,,,,neutral,구매 후기,안마의자,ok
2026-06-07T13:13:32+09:00,daum,jina_daum_search,jina_reader,Bodyfriend,바디프렌드 팔콘 후기,로그인,,https://logins.daum.net/accounts/loginform.do?url=https%3A%2F%2Fsearch.daum.net%2Fsearch%3Fw%3Dtot%26q%3D%25EB%25B0%2594%25EB%2594%2594%25ED%2594%2584%25EB%25A0%258C%25EB%2593%259C%2B%25ED%258C%2594%25EC%25BD%2598%2B%25ED%259B%2584%25EA%25B8%25B0,,,,neutral,구매 후기,안마의자,ok
2026-06-07T13:13:32+09:00,daum,jina_daum_search,jina_reader,Bodyfriend,바디프렌드 안마의자 추천,_바디프랜드 안마의자 추천_,## 관련 검색어,https://search.daum.net/search?DA=BFT&q=%EB%B0%94%EB%94%94%ED%94%84%EB%9E%9C%EB%93%9C+%EC%95%88%EB%A7%88%EC%9D%98%EC%9E%90+%EC%B6%94%EC%B2%9C&w=tot,,,,positive,추천 요청,안마의자,ok
2026-06-07T13:13:32+09:00,daum,jina_daum_search,jina_reader,Bodyfriend,바디프렌드 안마의자 추천,바디프랜드 안마의자 추천,더보기,https://search.daum.net/search?w=tot&m=&q=%EB%B0%94%EB%94%94%ED%94%84%EB%9E%9C%EB%93%9C%20%EC%95%88%EB%A7%88%EC%9D%98%EC%9E%90%20%EC%B6%94%EC%B2%9C&nzq=%EB%B0%94%EB%94%94%ED%94%84%EB%A0%8C%EB%93%9C%20%EC%95%88%EB%A7%88%EC%9D%98%EC%9E%90%20%EC%B6%94%EC%B2%9C&DA=NSJ,,,,positive,추천 요청,안마의자,ok
2026-06-07T13:13:32+09:00,daum,jina_daum_search,jina_reader,Bodyfriend,바디프렌드 안마의자 추천,바디프랜드 안마의자 홈페이지,더보기,https://search.daum.net/search?w=tot&m=&q=%EB%B0%94%EB%94%94%ED%94%84%EB%9E%9C%EB%93%9C%20%EC%95%88%EB%A7%88%EC%9D%98%EC%9E%90%20%ED%99%88%ED%8E%98%EC%9D%B4%EC%A7%80&nzq=%EB%B0%94%EB%94%94%ED%94%84%EB%A0%8C%EB%93%9C%20%EC%95%88%EB%A7%88%EC%9D%98%EC%9E%90%20%EC%B6%94%EC%B2%9C&DA=NSJ,,,,positive,추천 요청,안마의자,ok
2026-06-07T13:13:32+09:00,daum,jina_daum_search,jina_reader,Bodyfriend,Bodyfriend massage chair,본문 바로가기,Bodyfriend massage chair,https://search.daum.net/search?w=tot&q=Bodyfriend+massage+chair#daumBody,,,,negative,AS/고장 불만,안마의자,ok
2026-06-07T13:13:32+09:00,daum,jina_daum_search,jina_reader,Bodyfriend,Bodyfriend massage chair,메뉴 바로가기,Bodyfriend massage chair,https://search.daum.net/search?w=tot&q=Bodyfriend+massage+chair#daumGnb,,,,negative,AS/고장 불만,안마의자,ok
2026-06-07T13:13:32+09:00,daum,jina_daum_search,jina_reader,Bodyfriend,Bodyfriend massage chair,로그인,,https://logins.daum.net/accounts/loginform.do?url=https%3A%2F%2Fsearch.daum.net%2Fsearch%3Fw%3Dtot%26q%3DBodyfriend%2Bmassage%2Bchair,,,,negative,AS/고장 불만,안마의자,ok
2026-06-07T13:13:32+09:00,daum,jina_daum_search,jina_reader,Category,부모님 마사지기 추천,본문 바로가기,부모님 마사지기 추천,https://search.daum.net/search?w=tot&q=%EB%B6%80%EB%AA%A8%EB%8B%98+%EB%A7%88%EC%82%AC%EC%A7%80%EA%B8%B0+%EC%B6%94%EC%B2%9C#daumBody,,,,positive,추천 요청,부모님 선물,ok
2026-06-07T13:13:32+09:00,daum,jina_daum_search,jina_reader,Category,부모님 마사지기 추천,메뉴 바로가기,부모님 마사지기 추천,https://search.daum.net/search?w=tot&q=%EB%B6%80%EB%AA%A8%EB%8B%98+%EB%A7%88%EC%82%AC%EC%A7%80%EA%B8%B0+%EC%B6%94%EC%B2%9C#daumGnb,,,,positive,추천 요청,부모님 선물,ok
2026-06-07T13:13:32+09:00,daum,jina_daum_search,jina_reader,Category,부모님 마사지기 추천,로그인,,https://logins.daum.net/accounts/loginform.do?url=https%3A%2F%2Fsearch.daum.net%2Fsearch%3Fw%3Dtot%26q%3D%25EB%25B6%2580%25EB%25AA%25A8%25EB%258B%2598%2B%25EB%25A7%2588%25EC%2582%25AC%25EC%25A7%2580%25EA%25B8%25B0%2B%25EC%25B6%2594%25EC%25B2%259C,,,,positive,추천 요청,부모님 선물,ok
2026-06-07T13:13:32+09:00,daum,jina_daum_search,jina_reader,Category,발마사지기 추천,본문 바로가기,발마사지기 추천,https://search.daum.net/search?w=tot&q=%EB%B0%9C%EB%A7%88%EC%82%AC%EC%A7%80%EA%B8%B0+%EC%B6%94%EC%B2%9C#daumBody,,,,positive,추천 요청,발마사지기,ok
2026-06-07T13:13:32+09:00,daum,jina_daum_search,jina_reader,Category,발마사지기 추천,메뉴 바로가기,발마사지기 추천,https://search.daum.net/search?w=tot&q=%EB%B0%9C%EB%A7%88%EC%82%AC%EC%A7%80%EA%B8%B0+%EC%B6%94%EC%B2%9C#daumGnb,,,,positive,추천 요청,발마사지기,ok
2026-06-07T13:13:32+09:00,daum,jina_daum_search,jina_reader,Category,발마사지기 추천,로그인,,https://logins.daum.net/accounts/loginform.do?url=https%3A%2F%2Fsearch.daum.net%2Fsearch%3Fw%3Dtot%26q%3D%25EB%25B0%259C%25EB%25A7%2588%25EC%2582%25AC%25EC%25A7%2580%25EA%25B8%25B0%2B%25EC%25B6%2594%25EC%25B2%259C,,,,positive,추천 요청,발마사지기,ok
2026-06-07T13:13:32+09:00,daum,jina_daum_search,jina_reader,Category,종아리 마사지기 추천,본문 바로가기,종아리 마사지기 추천,https://search.daum.net/search?w=tot&q=%EC%A2%85%EC%95%84%EB%A6%AC+%EB%A7%88%EC%82%AC%EC%A7%80%EA%B8%B0+%EC%B6%94%EC%B2%9C#daumBody,,,,positive,추천 요청,종아리 마사지기,ok
2026-06-07T13:13:32+09:00,daum,jina_daum_search,jina_reader,Category,종아리 마사지기 추천,메뉴 바로가기,종아리 마사지기 추천,https://search.daum.net/search?w=tot&q=%EC%A2%85%EC%95%84%EB%A6%AC+%EB%A7%88%EC%82%AC%EC%A7%80%EA%B8%B0+%EC%B6%94%EC%B2%9C#daumGnb,,,,positive,추천 요청,종아리 마사지기,ok
2026-06-07T13:13:32+09:00,daum,jina_daum_search,jina_reader,Category,종아리 마사지기 추천,로그인,,https://logins.daum.net/accounts/loginform.do?url=https%3A%2F%2Fsearch.daum.net%2Fsearch%3Fw%3Dtot%26q%3D%25EC%25A2%2585%25EC%2595%2584%25EB%25A6%25AC%2B%25EB%25A7%2588%25EC%2582%25AC%25EC%25A7%2580%25EA%25B8%25B0%2B%25EC%25B6%2594%25EC%25B2%259C,,,,positive,추천 요청,종아리 마사지기,ok
2026-06-07T13:13:32+09:00,search,jina_daum_search,jina_reader,Category,안마의자 추천,도움말,,https://saedu.naver.com/help/faq/ncc/view.naver?faqSeq=704,,,,positive,추천 요청,안마의자,ok
2026-06-07T13:13:32+09:00,search,jina_daum_search,jina_reader,Category,안마의자 추천,신청하기,*,https://saedu.naver.com/adbiz/searchad/intro.nhn,,,,positive,추천 요청,안마의자,ok
2026-06-07T13:13:32+09:00,search,jina_daum_search,jina_reader,Category,안마의자 추천,![Image 1,,https://search1.daumcdn.net/thumb/R174x174/?fname=https%3A%2F%2Fsearchad-phinf.pstatic.net%2FMjAyNjA0MjFfMTQz%2FMDAxNzc2NzUyNzMzNTA1.AXeof9Ja0wRXuuXyBVQmDrALdJx7wGkP41AJXAinQ0wg.ldpVGp2heY2_cCmLUYmGXmOSwj2OQwFxSuQjQaswVlQg.JPEG%2F329695-c9f0ded7-3475-4ced-8109-cdcea09b005d.jpg,,,,positive,추천 요청,안마의자,ok
2026-06-07T13:13:32+09:00,youtube,youtube,yt_dlp,Zespa,제스파 후기,“안마의자 아무거나 사지 마세요” 2026 안마의자 비교추천🔥 안마의자 추천┃안마의자 비교┃제스파┃가성비 안마의자 | 안마의자 싸게 사는 방법 | 안마의자 추천 브랜드,"📆리뷰머신 공동구매 캘린더 보러가기 👉https://link.inpock.co.kr/reviewland #안마의자 #안마의자추천 #제스파 ⭐️⭐️⭐️⭐️리뷰머신 X 제스파 안마의자 공동구매 OPEN ⭐️⭐️⭐️⭐️ 📌배송안내 : 결제 완료 후 해피콜까지 약 5~7일, 배송 및 설치까지는 추가로 약 5일, 총 2주 소요됩니다. 자세한 문의사항은 상담 채널로 문의 주세요.😊 📌배송, 제품 문의하기 : https://happytalk.io/l/Han6WS 📌전화 구매 문의 : 010-5760-1544 ✅제스파 더 퍼스트 클래스 (🎁전용 러그 포함, 선착순 20명 안마건 증정) 링크 : https://www.e-himart.co.kr/app/goods/goodsDetail?goodsNo=0059545167 정가 : 499만원 → 🔶공동구매가 : 2,790,000원 → 쿠폰가 : 2,594,700원 모드 : 20가지 SL 프레임, 4D 싱글 안마구, 최대 105mm 돌출, 최대 159도 리클라이닝 기능 : 자동체형 측정, 무중력모드, 다리길이 자동조절, 발바닥 롤링, 종아리 에어, 손 지압, 온열 A/S : 2년 ✅제스파 엘라가르 (🎁전용 러그 포함, 50만원 상당 여분 등시트 추가증정) 링크 : https://www.zespa.co.kr/goods/goods_view.php?goodsNo=1000001775 정가 : 579만원 → 🔶공동구매가 : 2,790,000원 모드 : 18가지 모듈 : SL프레임, 4D 안마구 + 서브 코어 듀얼 모듈 / 안마구 최대 10.5cm 돌출, 최대 160도 리클라이닝 기능 : 자동체형 측정, 무중력모드, 다리길이 자동조절, 발바닥 롤링, *종아리 롤링 &비빔 마사지, 손 지압, 온열 A/S : 3년 ⭐️⭐️⭐️⭐️⭐️⭐️⭐️⭐️⭐️⭐️⭐️⭐️⭐️⭐️⭐️⭐️ 인트로 00:00 1.허리 뻐근한 분들 01:17 2.가족 다같이 쓰고싶은 분들 02:06 3.하체 잘 붓는 분들 02:33 ✅더 퍼스트 클래스 안마의자 05:10 ✅엘라가르 안마의자 11:13 리뷰문의 👉 biz@tlabcorp.com",https://www.youtube.com/watch?v=C1phs4wk2lE,리뷰머신,20260502,127107,mixed,AS/고장 불만,종아리 마사지기,ok
2026-06-07T13:13:32+09:00,youtube,youtube,yt_dlp,Zespa,제스파 후기,제스파 컴포르테 안마의자 '가성비 1황' 내돈내산 리뷰ㅣ2025 안마의자 비교 추천 가성비안마의자ㅣ부모님안마의자,▶이 영상은 쿠팡파트너스 활동의 일환으로 일정액의 수수료를 제공 받습니다◀ ♉제품 가격은 변동 될 수 있습니다! ✅제스파 컴포르테 안마의자 링크:https://link.coupang.com/a/cDTQQG 품절시링크:https://link.coupang.com/a/cDTRn9 ▶이 영상은 쿠팡파트너스 활동의 일환으로 일정액의 수수료를 제공 받습니다◀ #안마의자추천 #제스파컴포르테 #제스파안마의자추천 #가성비안마의자 #안마의자비교추천 #부모님안마의자 #가성비안마의자추천 #2025안마의자 제스파 컴포르테 안마의자 '가성비 1황' 내돈내산 리뷰ㅣ2025 안마의자 비교 추천 가성비안마의자ㅣ부모님안마의자 리뷰영상입니다.,https://www.youtube.com/watch?v=m72GldmzEvk,쇼핑브로,20250709,11018,positive,추천 요청,안마의자,ok
2026-06-07T13:13:32+09:00,youtube,youtube,yt_dlp,Zespa,제스파 후기,"""모르면 400만원 손해!"" 2025 안마의자 비교추천🔥 안마의자 제발 비싸게 사지 마세요!｜안마의자추천｜안마의자비교｜가성비안마의자｜제스파","#안마의자 #안마의자추천 #제스파 #가성비안마의자 ⭐️⭐️⭐️ 리뷰머신 X 제스파 안마의자 2차 공동구매 OPEN⭐️⭐️⭐️ 📌기간 : 2/2 ~ 2/22 (재고 소진시 조기종료됩니다) 📌배송안내 : 결제 완료 후 해피콜까지 약 5~7일, 배송 및 설치까지는 추가로 약 5일, 총 2주 소요됩니다. 자세한 문의사항은 상담 채널로 문의 주세요.😊 📌배송, 제품 문의하기 : https://happytalk.io/l/Han6WS 🎁구매자 전원 전용러그 증정! ✅ 퍼스트 클래스 안마의자 (2026 신상⭐️) *50대 한정 모드 - 20가지 SL 프레임, 4D 싱글 안마구, 최대 9.5cm 돌출, 최대 159도 리클라이닝 기능 : 자동체형 측정, 무중력모드, 다리길이 자동조절, 발바닥 롤링, 종아리 에어, 손 지압, 온열 A/S : 2년 ✅ 아티아스 안마의자 🎉롯데백화점 단독 협업 특가 OPEN🎉 모드 : 18가지 모듈 : SL프레임, 4D+4D 듀얼 안마구, 최대 170도 리클라이닝 기능 : 자동체형 측정, 무중력모드, 다리길이 자동조절, 종아리 롤링, 발바닥 롤링, 손 지압, 허리 종아리 온열 A/S: 10년 자세한 리뷰 보러가기 👉 https://youtu.be/AuejlMhxqnU ⭐️⭐️⭐️⭐️⭐️⭐️⭐️⭐️⭐️⭐️⭐️⭐️⭐️⭐️⭐️⭐️⭐️⭐️ [안마의자] ✅2.센텐토 안마부위 : 목, 어깨, 허리, 엉덩이, 손, 종아리, 발바닥 안마기능 : 4D 듀얼 안마모듈, 자동 체형 측정, 에어지압, 허리 온열, 종아리 롤링/비빔, 발바닥롤링, 손 마사지 모드 : 15가지 컬러 : 블랙 (화이트 품절) 보증기간 : 36개월 *남성들에게 딱인 강력한 안마 의자 ✅3.라온디르 안마부위 : 목, 어깨, 허리, 엉덩이, 종아리, 발바닥 안마기능 : 3D 듀얼 안마모듈, 자동 체형 측정, 온열안마, 종아리 에어지압, 발바닥 롤링, 손 마사지 모드 : 15가지 컬러 : 라이트 그레이 보증기간 : 24개월 *여성들에게 딱인 시원한 안마 의자 ✅1.아티아스 안마부위 : 목, 어깨, 허리, 엉덩이, 손, 종아리, 발바닥 안마기능 : 4D 듀얼 안마모듈, 170° 밀착안마, 자동 체형 측정, 에어지압, 온열마사지, 종아리롤링, 발바닥롤링, 손 지압 마사지, 건강감지 모드 : 18가지 컬러 : 라이트 그레이 보증기간 : 10년 *어르신, 온가족이 쓰기 좋은 프리미엄 안마 의자 제스파 공식 홈페이지 : https://www.zespa.co.kr 🎁안마의자 설치 시 바닥 러그 증정 제스파 공식 홈페이지 : https://www.zespa.co.kr 제스파 고객센터 : 1544-2933 ⭐️⭐️⭐️⭐️⭐️⭐️⭐️⭐️⭐️⭐️⭐️⭐️⭐️⭐️⭐️⭐️⭐️ 인트로 00:00 구매가이드 1.예산 정하기 00:49 구매가이드 2.유형 03:20 구매가이드 3.기능 04:36 ✅아티아스 05:31 ✅센텐토 09:30 ✅라온디르 12:16 안마의자 정리 14:53 ✅소형안마기- 수면참견 에어 베개 안마기 15:35 ✅소형안마기- 레그풀랩 마사지기 16:31 리뷰문의 👉 biz@tlabcorp.com",https://www.youtube.com/watch?v=zrp3jbWzhpE,리뷰머신,20250321,259526,mixed,AS/고장 불만,종아리 마사지기,ok
2026-06-07T13:13:32+09:00,youtube,youtube,yt_dlp,Zespa,제스파 발마사지기,다리 피로에 끝판왕 나타났다! 제스파 발 마사지기 ZP4380 사용 후기,"👉 이 영상은 쿠팡 파트너스 활동의 일환으로, 이에 따른 일정액의 수수료를 제공받습니다. 👉 제품에 대하여 채널은 책임을 지지 않으며, 제품 관련은 쿠팡 고객센터로 연락 바랍니다. 👉 영상 속 제품 링크가 궁금하면 아래 [더보기] 눌러 확인하거나 '고정 댓글'에서 확인하세요!! 00:00 다리 마사지기의 혁명 사용자의 기적 같은 변화를 담은 리뷰 00:08 제스파 다리 종아리 발 마사지기 ZP4380 https://link.coupang.com/a/cqynvA 🔥특가 : 299,000원 (64%) 2,636 리뷰 👉 본 영상에는 채널의 주관적인 생각이 포함되어 있습니다. 👉 본 영상에 표시된 가격 정보는 영상 업로드일 당시 원화 기준이며, 가격은 수시로 변동 가능합니다.",https://www.youtube.com/watch?v=_cd2WoAIunM,오늘의 득템,20250501,1235,neutral,바이럴/광고 의심,발마사지기,ok
2026-06-07T13:13:32+09:00,youtube,youtube,yt_dlp,Zespa,제스파 발마사지기,zp4380_레그더비트 종아리발 마사지기,zp4380_레그더비트 종아리발 마사지기 https://smartstore.naver.com/zespa/products/5049904071?NaPm=ct%3Dkiu263jc%7Cci%3D193498eac3db85ad484ef73d607eef046e14fa63%7Ctr%3Dsls%7Csn%3D187924%7Chk%3D9e62ea9a7e3b15526dac6804aaa35d88103757f6,https://www.youtube.com/watch?v=xcSCOF3rpt0,제스파 ZESPA official,20210105,83582,neutral,기타,발마사지기,ok
2026-06-07T13:13:32+09:00,youtube,youtube,yt_dlp,Zespa,제스파 발마사지기,"제가 잘못 알았네요, 제스파 발 마사지기",책상 밑에 위치 했습니다,https://www.youtube.com/watch?v=xUklY-p7sL8,세계정복보이,20220131,10444,neutral,기타,발마사지기,ok
2026-06-07T13:13:32+09:00,youtube,youtube,yt_dlp,Zespa,제스파 종아리 마사지기,"종아리 마사지기 뭐 사야돼? 딱 알려드림!🤧 선물 추천🎁 |풀리오,제스파,바디프랜드 with 구독자이벤트","안녕하세요! 종아리 마사지기 뭐살지 고민되시죠! 그래서 비교를 해보았습니다~ ! 풀리오 / 제스파 / 바디프랜드 기능·가격·강도 비교! (사실 근데,,,별 다른게 없더라구욥🤧) 제가 이 영상을 찍으면서 금전적인 대가는 일절 받지 않았다는 점 미리 안내드립니다!🙏🏻 마사지 맛집 바디프랜드 mini에서 종아리마사지기 신제품이 나왔는데, 시중에 있는 제품들의 단점을 최대한 보완하고 가격도 너무 좋게 나와서 소개해드려요 💟 구독자 이벤트를 감사하게도 바디프랜드에서 준비 해주셨습니다! [종료] ✨ 구독자 이벤트 안내 ✅ 참여 방법 : 구독 & 좋아요 후, 바디프랜드 mini 신제품 기대평을 댓글로 남겨주세요 🤍 ✅ 참여 기간 : 11월 23일 ~ 12월 5일 ✅ 당첨자 발표 : 12월 6일 / 커뮤니티게시판 공지 많은 관심 부탁드립니다! 오늘도 영상 시청해주셔서 감사합니다 😊 🔗목차 00:00 프리뷰 00:10 안녕하세요👋 00:40 종아리마사지기 진짜 필요해? 02:18 풀리오/제스파 리뷰 04:00 바디프랜드 mini 종아리 마사지기 08:10 구독자 이벤트 안내🎁 #바디프랜드 #종아리마사지기 #종아리마사지 #선물추천 #연말선물추천 #부모님선물추천 #효도선물 #임산부선물",https://www.youtube.com/watch?v=WRE9dLcrLT8,깡츄.kang_chu,20251123,2568,positive,구매 전 질문,종아리 마사지기,ok
2026-06-07T13:13:32+09:00,youtube,youtube,yt_dlp,Zespa,제스파 종아리 마사지기,zp4380_레그더비트 종아리발 마사지기,zp4380_레그더비트 종아리발 마사지기 https://smartstore.naver.com/zespa/products/5049904071?NaPm=ct%3Dkiu263jc%7Cci%3D193498eac3db85ad484ef73d607eef046e14fa63%7Ctr%3Dsls%7Csn%3D187924%7Chk%3D9e62ea9a7e3b15526dac6804aaa35d88103757f6,https://www.youtube.com/watch?v=xcSCOF3rpt0,제스파 ZESPA official,20210105,83582,neutral,기타,발마사지기,ok
2026-06-07T13:13:32+09:00,youtube,youtube,yt_dlp,Zespa,제스파 종아리 마사지기,제스파 다리 종아리 발 마사지기 ZP4380,"👉 이 영상은 쿠팡 파트너스 활동의 일환으로, 이에 따른 일정액의 수수료를 제공받습니다. 👉 제품에 대하여 채널은 책임을 지지 않으며, 제품 관련은 쿠팡 고객센터로 연락 바랍니다. 👉 영상 속 제품 링크가 궁금하면 아래 [더보기] 눌러 확인하거나 '고정 댓글'에서 확인하세요!! 00:00 제스파 다리 종아리 발 마사지기 ZP4380 https://link.coupang.com/a/ckY7pz 🔥특가 : 298,889원 (63%) 👉 본 영상에는 채널의 주관적인 생각이 포함되어 있습니다. 👉 본 영상에 표시된 가격 정보는 영상 업로드일 당시 원화 기준이며, 가격은 수시로 변동 가능합니다.",https://www.youtube.com/watch?v=oulsORGtvsE,마인드글리터,20250329,690,neutral,바이럴/광고 의심,발마사지기,ok
2026-06-07T13:13:32+09:00,youtube,youtube,yt_dlp,Bodyfriend,바디프렌드 팔콘 후기,부모님 안마의자 추천｜팔콘i vs 팔콘 vs 팔콘S 기능 비교 총정리,"바디프렌드 팔콘i, 팔콘, 팔콘S 차이점을 가격, 기능, 가죽 소재, 자동코스 기준으로 비교 분석한 영상입니다. 안마의자 구매를 고민하시는 분들을 위해 가성비 모델부터 프리미엄 모델까지 현실적인 선택 기준을 알려드립니다. 이번 영상에서는 ✔ 팔콘i (가성비 입문형) ✔ 팔콘 (기능 강화 밸런스형) ✔ 팔콘S (천연가죽 프리미엄형) 각 모델의 주요 차이점과 추천 대상, 실제 사용 시 체감 차이까지 자세히 설명드립니다. 안마의자 추천, 바디프렌드 팔콘 비교, 팔콘i 팔콘S 차이, 가성비 안마의자, 부모님 안마의자 선물 고민 중이라면 끝까지 시청해주세요.",https://www.youtube.com/watch?v=DkbNDG6ecLY,a life lesson,20260221,1088,positive,구매 전 질문,안마의자,ok
2026-06-07T13:13:32+09:00,youtube,youtube,yt_dlp,Bodyfriend,바디프렌드 팔콘 후기,바디프렌드 팔콘 구입은 이거 보시고... 장단점과 사용기.,"바디프렌드에서 최고 화제작 팔콘입니다. 컴팩트하고 디자인 어느 거실이나 어울려요. 협찬 노. 사용해보고 단점들까지 느낀점 공유해봐요~ 쿠팡으로 당장 바로 배송받고 싶으시다면 제가 다 뒤져보니 요게 가장 저렴합니다! https://link.coupang.com/a/bxgI4K ""이 포스팅은 쿠팡 파트너스 활동의 일환으로, 이에 따른 일정액의 수수료를 제공받습니다."" 💻이메일 : chagamdok@kakao.com 📱인스타 : hwan_prod",https://www.youtube.com/watch?v=_-gl_nS9wNY,CHASEYi,20231218,40177,neutral,바이럴/광고 의심,안마의자,ok
2026-06-07T13:13:32+09:00,youtube,youtube,yt_dlp,Bodyfriend,바디프렌드 팔콘 후기,"바디프렌드 팔콘N 안마의자 끝판왕, AI 헬스케어 로봇 안마의자 구입 이거로 하세요!!","#내돈내산 #바디프렌드 #안마의자추천 #팔콘n 집에 안마의자하나두면 삶의질이 상승합니다 바디프렌드 팔콘N 솔직리뷰해봤습니다 시어머님께서 설날선물로 팔콘N을 사주셨어요 일주일 넘게 사용해본결과!! 너무너무 추천드립니다 불면증이 있었던 저는 수면모드로 안마받게되면 어느새잠들어있는 저를 발견해요 👍 제가 좋아하는 모드는 듀얼에너지,수면모드1,2,소화가안될때,무기력할때예요 모드가 워낙 다양해서 하나하나 해보려고합니다!",https://www.youtube.com/watch?v=tKsW4XgThfE,환희부부,20260211,986,positive,추천 요청,안마의자,ok
2026-06-07T13:13:32+09:00,youtube,youtube,yt_dlp,Category,안마의자 추천,"""모르면 400만원 손해!"" 제발 이렇게 사세요! 2026 안마의자 비교 추천🔥 역대급 할인!┃안마의자 추천┃안마의자 비교┃제스파┃바디프랜드┃코지마┃세라잼┃","📆리뷰머신 공동구매 캘린더 보러가기 👉https://link.inpock.co.kr/reviewland ⭐️⭐️⭐️⭐️리뷰머신 X 제스파 안마의자 공동구매 OPEN ⭐️⭐️⭐️⭐️ 📌배송안내 : 결제 완료 후 해피콜까지 약 5~7일, 배송 및 설치까지는 추가로 약 5일, 총 2주 소요됩니다. 자세한 문의사항은 상담 채널로 문의 주세요.😊 📌배송, 제품 문의하기 : https://happytalk.io/l/Han6WS 📌전화 구매 문의 : 010-5760-1544 ✅제스파 더 퍼스트 클래스 (🎁전용 러그 포함, 선착순 20명 안마건 증정) 링크 : https://www.e-himart.co.kr/app/goods/goodsDetail?goodsNo=0059545167 정가 : 499만원 → 🔶공동구매가 : 2,790,000원 → 쿠폰가 : 2,594,700원 모드 : 20가지 SL 프레임, 4D 싱글 안마구, 최대 105mm 돌출, 최대 159도 리클라이닝 기능 : 자동체형 측정, 무중력모드, 다리길이 자동조절, 발바닥 롤링, 종아리 에어, 손 지압, 온열 A/S : 2년 ✅제스파 엘라가르 (🎁전용 러그 포함, 50만원 상당 여분 등시트 추가증정) 링크 : https://www.zespa.co.kr/goods/goods_view.php?goodsNo=1000001775 정가 : 579만원 → 🔶공동구매가 : 2,790,000원 모드 : 18가지 모듈 : SL프레임, 4D 안마구 + 서브 코어 듀얼 모듈 / 안마구 최대 10.5cm 돌출, 최대 160도 리클라이닝 기능 : 자동체형 측정, 무중력모드, 다리길이 자동조절, 발바닥 롤링, *종아리 롤링 &비빔 마사지, 손 지압, 온열 A/S : 3년 ⭐️⭐️⭐️⭐️⭐️⭐️⭐️⭐️⭐️⭐️⭐️⭐️⭐️⭐️⭐️⭐️ 인트로 00:00 가격 = 안마 능력이 아니다 01:53 진짜 중요한 건 AS 05:08 사람마다 맞는 제품이 있다 07:48 싸게 사는 꿀팁 12:11 리뷰문의 👉 biz@tlabcorp.com",https://www.youtube.com/watch?v=yOeYz01b2Yc,리뷰머신,20260604,904,mixed,AS/고장 불만,종아리 마사지기,ok
2026-06-07T13:13:32+09:00,youtube,youtube,yt_dlp,Category,안마의자 추천,“안마의자 아무거나 사지 마세요” 2026 안마의자 비교추천🔥 안마의자 추천┃안마의자 비교┃제스파┃가성비 안마의자 | 안마의자 싸게 사는 방법 | 안마의자 추천 브랜드,"📆리뷰머신 공동구매 캘린더 보러가기 👉https://link.inpock.co.kr/reviewland #안마의자 #안마의자추천 #제스파 ⭐️⭐️⭐️⭐️리뷰머신 X 제스파 안마의자 공동구매 OPEN ⭐️⭐️⭐️⭐️ 📌배송안내 : 결제 완료 후 해피콜까지 약 5~7일, 배송 및 설치까지는 추가로 약 5일, 총 2주 소요됩니다. 자세한 문의사항은 상담 채널로 문의 주세요.😊 📌배송, 제품 문의하기 : https://happytalk.io/l/Han6WS 📌전화 구매 문의 : 010-5760-1544 ✅제스파 더 퍼스트 클래스 (🎁전용 러그 포함, 선착순 20명 안마건 증정) 링크 : https://www.e-himart.co.kr/app/goods/goodsDetail?goodsNo=0059545167 정가 : 499만원 → 🔶공동구매가 : 2,790,000원 → 쿠폰가 : 2,594,700원 모드 : 20가지 SL 프레임, 4D 싱글 안마구, 최대 105mm 돌출, 최대 159도 리클라이닝 기능 : 자동체형 측정, 무중력모드, 다리길이 자동조절, 발바닥 롤링, 종아리 에어, 손 지압, 온열 A/S : 2년 ✅제스파 엘라가르 (🎁전용 러그 포함, 50만원 상당 여분 등시트 추가증정) 링크 : https://www.zespa.co.kr/goods/goods_view.php?goodsNo=1000001775 정가 : 579만원 → 🔶공동구매가 : 2,790,000원 모드 : 18가지 모듈 : SL프레임, 4D 안마구 + 서브 코어 듀얼 모듈 / 안마구 최대 10.5cm 돌출, 최대 160도 리클라이닝 기능 : 자동체형 측정, 무중력모드, 다리길이 자동조절, 발바닥 롤링, *종아리 롤링 &비빔 마사지, 손 지압, 온열 A/S : 3년 ⭐️⭐️⭐️⭐️⭐️⭐️⭐️⭐️⭐️⭐️⭐️⭐️⭐️⭐️⭐️⭐️ 인트로 00:00 1.허리 뻐근한 분들 01:17 2.가족 다같이 쓰고싶은 분들 02:06 3.하체 잘 붓는 분들 02:33 ✅더 퍼스트 클래스 안마의자 05:10 ✅엘라가르 안마의자 11:13 리뷰문의 👉 biz@tlabcorp.com",https://www.youtube.com/watch?v=C1phs4wk2lE,리뷰머신,20260502,127107,mixed,AS/고장 불만,종아리 마사지기,ok
2026-06-07T13:13:32+09:00,youtube,youtube,yt_dlp,Category,안마의자 추천,"""그냥 이거 사세요” 안마의자 비교추천 TOP4 안마의자 추천┃안마의자 비교┃제스파┃가성비 안마의자","""이 영상은 쿠팡 파트너스와 네이버쇼핑커넥트 활동의 일환으로, 판매 발생시 일정액의 수수료를 제공받습니다.""😊😊 ⬇구매링크 할인정보 확인!!⬇ 가격은 변동될 수 있으니 참고해주세요!! ☑리쏘 미라클 4D 안마의자 링크:https://naver.me/GTn5tyZ2 ☑제스파 소노디아 안마의자 링크:https://link.coupang.com/a/dGjyRjN2BM 품절시링크:https://link.coupang.com/a/eG8oYa ☑바디프랜드 카릭스로봇 안마의자 링크:https://link.coupang.com/a/dGjsNjPs7g 품절시링크:https://link.coupang.com/a/dGjFAtoOk0 ☑제스파 리브테르 듀얼 코어 엔진 안마의자 링크:https://link.coupang.com/a/dGjBbjTiNM 품절시링크:https://link.coupang.com/a/eG8nzH ""이 영상은 쿠팡 파트너스와 네이버쇼핑커넥트 활동의 일환으로, 판매 발생시 일정액의 수수료를 제공받습니다.""😊😊 00:00 인트로 00:31 리쏘 미라클 4D 안마의자 02:55 제스파 소노디아 안마의자 05:16 바디프랜드 카릭스로봇 안마의자 07:32 제스파 리브테르 안마의자 #안마의자 #안마의자비교추천 #안마의자추천 #제스파 #바디프랜드",https://www.youtube.com/watch?v=fuzRXiqdbI0,뭐살까,20260512,2467,positive,추천 요청,안마의자,ok
2026-06-07T13:13:32+09:00,youtube,youtube,yt_dlp,Category,부모님 선물 마사지기,모두 직접 선물해봤다! 실패하지 않는 부모님 선물 가격대별 추천 l 내돈내산,이번 명절 선물 대체 무엇으로 해야 할까? 직접 사서 선물해드리고 골라본 부모님 선물가전 10만원 부터 40만원 대까지 금액별로 선택해 봤다! 영상 속 등장한 제품들이 완벽한 정답은 아니니 영상에서 말한 포인트들을 고려해서 선택하자 물론 현금에는 장사없다 #부모님선물 #설선물 #에어프라이어 #로봇청소기 #진공쌀통 #마사지건 #온수매트 #욕실진동청소기 #귀곰 #귀곰리뷰 #귀곰전자제품리뷰 #귀곰가전제품리뷰 #곰리뷰 #곰전자제품리뷰 #곰가전제품리뷰 #곰가면리뷰,https://www.youtube.com/watch?v=L2mVIxvjwPw,귀곰,20210205,231692,mixed,추천 요청,마사지건,ok
2026-06-07T13:13:32+09:00,youtube,youtube,yt_dlp,Category,부모님 선물 마사지기,[효도템] 부모님 선물 1순위! 🌸 효도손 마사지기,"부모님께 효도하는 가장 쉬운 방법, 바로 마사지기 아이템💆‍♀️💆‍♂️ 효도손 마사지기로 매일 건강과 힐링 부모님 선물, 감사 선물 해봐요! 건강템으로 딱이에요! #효도손마사지기 #효도템 #부모님선물추천 #부모님선물 #마사지기추천 #건강선물 #효도선물",https://www.youtube.com/watch?v=IC1W35SkT_E,코드나인,20250929,50,positive,추천 요청,마사지건,ok
2026-06-07T13:13:32+09:00,youtube,youtube,yt_dlp,Category,부모님 선물 마사지기,실패없는 부모님 명절선물! 디웰 저주파 마사지기,스마트폰처럼 큰~ 화면에 편리한 조작! 디웰 저주파 마사지기 👇👇센스있는 부모님 선물 고민이라면👇👇 https://bit.ly/3I2Y9qU,https://www.youtube.com/watch?v=Ra2b2f0X4q8,청훈,20221228,10656,neutral,구매 전 질문,부모님 선물,ok
2026-06-07T13:13:32+09:00,instagram,site_search,daum_site_search,Zespa,site:instagram.com 제스파,[ 제스파 ] 제스파 안마의자 센텐토 (화이트) ZPC2245 렌탈 60개월 월 68600... 1 원 배송비 무료 SSG.COM,,https://shoppinghow.kakao.com/search/site%3Ainstagram.com%20%EC%A0%9C%EC%8A%A4%ED%8C%8C/docid:T36334726336&srchhow:expo&,,,,neutral,중고/리퍼/렌탈,안마의자,ok
2026-06-07T13:13:32+09:00,instagram,site_search,daum_site_search,Zespa,site:instagram.com 제스파,"[ 제스파 ] 에어솔루션 충전식 무선형 온열 에어 손 핸드 안마기 마사지기 택1 ZP... 69,000 원 배송비 무료 리뷰 5 SSG.COM",,https://shoppinghow.kakao.com/search/site%3Ainstagram.com%20%EC%A0%9C%EC%8A%A4%ED%8C%8C/docid:O36273198172&srchhow:expo&,,,,neutral,구매 후기,온열/공기압,ok
2026-06-07T13:13:32+09:00,instagram,site_search,daum_site_search,Zespa,site:instagram.com 제스파,"[ 제스파 ] [리퍼] 제스파 레그라이너 종아리 안마기 공기압 발 마사지기[이마트몰... 99,000 원 배송비 무료 리뷰 3 SSG.COM",,https://shoppinghow.kakao.com/search/site%3Ainstagram.com%20%EC%A0%9C%EC%8A%A4%ED%8C%8C/docid:N30546060894&srchhow:expo&,,,,neutral,중고/리퍼/렌탈,발마사지기,ok
2026-06-07T13:13:32+09:00,instagram,site_search,jina_site_search,Zespa,site:instagram.com 제스파,본문 바로가기,site:instagram.com 제스파,https://search.daum.net/search?w=tot&q=site:instagram.com+%EC%A0%9C%EC%8A%A4%ED%8C%8C#daumBody,,,,neutral,기타,기타,ok
2026-06-07T13:13:32+09:00,instagram,site_search,jina_site_search,Zespa,site:instagram.com 제스파,메뉴 바로가기,site:instagram.com 제스파,https://search.daum.net/search?w=tot&q=site:instagram.com+%EC%A0%9C%EC%8A%A4%ED%8C%8C#daumGnb,,,,neutral,기타,기타,ok
2026-06-07T13:13:32+09:00,instagram,site_search,jina_site_search,Zespa,site:instagram.com 제스파,로그인,,https://logins.daum.net/accounts/loginform.do?url=https%3A%2F%2Fsearch.daum.net%2Fsearch%3Fw%3Dtot%26q%3Dsite%3Ainstagram.com%2B%25EC%25A0%259C%25EC%258A%25A4%25ED%258C%258C,,,,neutral,기타,기타,ok
2026-06-07T13:13:32+09:00,instagram,site_search,daum_site_search,Bodyfriend,site:instagram.com 바디프렌드,어학사전 새창,,http://dic.daum.net/search.do?q=site%3Ainstagram.com+%EB%B0%94%EB%94%94%ED%94%84%EB%A0%8C%EB%93%9C,,,,neutral,기타,기타,ok
2026-06-07T13:13:32+09:00,instagram,site_search,daum_site_search,Bodyfriend,site:instagram.com 바디프렌드,지도 새창,,https://map.kakao.com/?from=total&nil_suggest=btn&tab=place&q=site%3Ainstagram.com+%EB%B0%94%EB%94%94%ED%94%84%EB%A0%8C%EB%93%9C,,,,neutral,기타,기타,ok
2026-06-07T13:13:32+09:00,instagram,site_search,daum_site_search,Bodyfriend,site:instagram.com 바디프렌드,백과사전 새창,,https://100.daum.net/search/entry?q=site%3Ainstagram.com+%EB%B0%94%EB%94%94%ED%94%84%EB%A0%8C%EB%93%9C,,,,neutral,기타,기타,ok
2026-06-07T13:13:32+09:00,instagram,site_search,jina_site_search,Bodyfriend,site:instagram.com 바디프렌드,본문 바로가기,site:instagram.com 바디프렌드,https://search.daum.net/search?w=tot&q=site:instagram.com+%EB%B0%94%EB%94%94%ED%94%84%EB%A0%8C%EB%93%9C#daumBody,,,,neutral,기타,기타,ok
2026-06-07T13:13:32+09:00,instagram,site_search,jina_site_search,Bodyfriend,site:instagram.com 바디프렌드,메뉴 바로가기,site:instagram.com 바디프렌드,https://search.daum.net/search?w=tot&q=site:instagram.com+%EB%B0%94%EB%94%94%ED%94%84%EB%A0%8C%EB%93%9C#daumGnb,,,,neutral,기타,기타,ok
2026-06-07T13:13:32+09:00,instagram,site_search,jina_site_search,Bodyfriend,site:instagram.com 바디프렌드,로그인,,https://logins.daum.net/accounts/loginform.do?url=https%3A%2F%2Fsearch.daum.net%2Fsearch%3Fw%3Dtot%26q%3Dsite%3Ainstagram.com%2B%25EB%25B0%2594%25EB%2594%2594%25ED%2594%2584%25EB%25A0%258C%25EB%2593%259C,,,,neutral,기타,기타,ok
2026-06-07T13:13:32+09:00,instagram,site_search,daum_site_search,Category,site:instagram.com 발마사지기 추천,어학사전 새창,,http://dic.daum.net/search.do?q=site%3Ainstagram.com+%EB%B0%9C%EB%A7%88%EC%82%AC%EC%A7%80%EA%B8%B0+%EC%B6%94%EC%B2%9C,,,,positive,추천 요청,발마사지기,ok
2026-06-07T13:13:32+09:00,instagram,site_search,daum_site_search,Category,site:instagram.com 발마사지기 추천,지도 새창,,https://map.kakao.com/?from=total&nil_suggest=btn&tab=place&q=site%3Ainstagram.com+%EB%B0%9C%EB%A7%88%EC%82%AC%EC%A7%80%EA%B8%B0+%EC%B6%94%EC%B2%9C,,,,positive,추천 요청,발마사지기,ok
2026-06-07T13:13:32+09:00,instagram,site_search,daum_site_search,Category,site:instagram.com 발마사지기 추천,백과사전 새창,,https://100.daum.net/search/entry?q=site%3Ainstagram.com+%EB%B0%9C%EB%A7%88%EC%82%AC%EC%A7%80%EA%B8%B0+%EC%B6%94%EC%B2%9C,,,,positive,추천 요청,발마사지기,ok
2026-06-07T13:13:32+09:00,instagram,site_search,jina_site_search,Category,site:instagram.com 발마사지기 추천,본문 바로가기,site:instagram.com 발마사지기 추천,https://search.daum.net/search?w=tot&q=site:instagram.com+%EB%B0%9C%EB%A7%88%EC%82%AC%EC%A7%80%EA%B8%B0+%EC%B6%94%EC%B2%9C#daumBody,,,,positive,추천 요청,발마사지기,ok
2026-06-07T13:13:32+09:00,instagram,site_search,jina_site_search,Category,site:instagram.com 발마사지기 추천,메뉴 바로가기,site:instagram.com 발마사지기 추천,https://search.daum.net/search?w=tot&q=site:instagram.com+%EB%B0%9C%EB%A7%88%EC%82%AC%EC%A7%80%EA%B8%B0+%EC%B6%94%EC%B2%9C#daumGnb,,,,positive,추천 요청,발마사지기,ok
2026-06-07T13:13:32+09:00,instagram,site_search,jina_site_search,Category,site:instagram.com 발마사지기 추천,로그인,,https://logins.daum.net/accounts/loginform.do?url=https%3A%2F%2Fsearch.daum.net%2Fsearch%3Fw%3Dtot%26q%3Dsite%3Ainstagram.com%2B%25EB%25B0%259C%25EB%25A7%2588%25EC%2582%25AC%25EC%25A7%2580%25EA%25B8%25B0%2B%25EC%25B6%2594%25EC%25B2%259C,,,,positive,추천 요청,발마사지기,ok
2026-06-07T13:13:32+09:00,threads,site_search,daum_site_search,Zespa,site:threads.net 제스파,"Threads Net 스풀 세이버 풀기 스레드 바느질 콘 네트 자수 기계용 대형 소형 콘... 26,190 원 배송비 무료 G마켓",,https://shoppinghow.kakao.com/search/site%3Athreads.net%20%EC%A0%9C%EC%8A%A4%ED%8C%8C/docid:Y36095629818&srchhow:expo&,,,,neutral,기타,기타,ok
2026-06-07T13:13:32+09:00,threads,site_search,daum_site_search,Zespa,site:threads.net 제스파,"Threads Net 스풀 세이버 풀기 스레드 바느질 콘 네트 자수 기계용 대형 소형 콘... 26,190 원 배송비 무료 옥션",,https://shoppinghow.kakao.com/search/site%3Athreads.net%20%EC%A0%9C%EC%8A%A4%ED%8C%8C/docid:G36095505474&srchhow:expo&,,,,neutral,기타,기타,ok
2026-06-07T13:13:32+09:00,threads,site_search,daum_site_search,Zespa,site:threads.net 제스파,"[교보문고] Asp. net 2.0 Web Site Programming : Problem--design--solution... 49,000 원 배송비 무료 SSG.COM",,https://shoppinghow.kakao.com/search/site%3Athreads.net%20%EC%A0%9C%EC%8A%A4%ED%8C%8C/docid:O35972656717&srchhow:expo&,,,,negative,AS/고장 불만,AS/고장/내구성,ok
2026-06-07T13:13:32+09:00,threads,site_search,jina_site_search,Zespa,site:threads.net 제스파,본문 바로가기,site:threads.net 제스파,https://search.daum.net/search?w=tot&q=site:threads.net+%EC%A0%9C%EC%8A%A4%ED%8C%8C#daumBody,,,,neutral,기타,기타,ok
2026-06-07T13:13:32+09:00,threads,site_search,jina_site_search,Zespa,site:threads.net 제스파,메뉴 바로가기,site:threads.net 제스파,https://search.daum.net/search?w=tot&q=site:threads.net+%EC%A0%9C%EC%8A%A4%ED%8C%8C#daumGnb,,,,neutral,기타,기타,ok
2026-06-07T13:13:32+09:00,threads,site_search,jina_site_search,Zespa,site:threads.net 제스파,로그인,,https://logins.daum.net/accounts/loginform.do?url=https%3A%2F%2Fsearch.daum.net%2Fsearch%3Fw%3Dtot%26q%3Dsite%3Athreads.net%2B%25EC%25A0%259C%25EC%258A%25A4%25ED%258C%258C,,,,neutral,기타,기타,ok
2026-06-07T13:13:32+09:00,threads,site_search,daum_site_search,Bodyfriend,site:threads.net 바디프렌드,"Threads Net 스풀 세이버 풀기 스레드 바느질 콘 네트 자수 기계용 대형 소형 콘... 26,190 원 배송비 무료 G마켓",,https://shoppinghow.kakao.com/search/site%3Athreads.net%20%EB%B0%94%EB%94%94%ED%94%84%EB%A0%8C%EB%93%9C/docid:Y36095629818&srchhow:expo&,,,,neutral,기타,기타,ok
2026-06-07T13:13:32+09:00,threads,site_search,daum_site_search,Bodyfriend,site:threads.net 바디프렌드,"Threads Net 스풀 세이버 풀기 스레드 바느질 콘 네트 자수 기계용 대형 소형 콘... 26,190 원 배송비 무료 옥션",,https://shoppinghow.kakao.com/search/site%3Athreads.net%20%EB%B0%94%EB%94%94%ED%94%84%EB%A0%8C%EB%93%9C/docid:G36095505474&srchhow:expo&,,,,neutral,기타,기타,ok
2026-06-07T13:13:32+09:00,threads,site_search,daum_site_search,Bodyfriend,site:threads.net 바디프렌드,"[교보문고] Asp. net 2.0 Web Site Programming : Problem--design--solution... 49,000 원 배송비 무료 SSG.COM",,https://shoppinghow.kakao.com/search/site%3Athreads.net%20%EB%B0%94%EB%94%94%ED%94%84%EB%A0%8C%EB%93%9C/docid:O35972656717&srchhow:expo&,,,,negative,AS/고장 불만,AS/고장/내구성,ok
2026-06-07T13:13:32+09:00,threads,site_search,jina_site_search,Bodyfriend,site:threads.net 바디프렌드,본문 바로가기,site:threads.net 바디프렌드,https://search.daum.net/search?w=tot&q=site:threads.net+%EB%B0%94%EB%94%94%ED%94%84%EB%A0%8C%EB%93%9C#daumBody,,,,neutral,기타,기타,ok
2026-06-07T13:13:32+09:00,threads,site_search,jina_site_search,Bodyfriend,site:threads.net 바디프렌드,메뉴 바로가기,site:threads.net 바디프렌드,https://search.daum.net/search?w=tot&q=site:threads.net+%EB%B0%94%EB%94%94%ED%94%84%EB%A0%8C%EB%93%9C#daumGnb,,,,neutral,기타,기타,ok
2026-06-07T13:13:32+09:00,threads,site_search,jina_site_search,Bodyfriend,site:threads.net 바디프렌드,로그인,,https://logins.daum.net/accounts/loginform.do?url=https%3A%2F%2Fsearch.daum.net%2Fsearch%3Fw%3Dtot%26q%3Dsite%3Athreads.net%2B%25EB%25B0%2594%25EB%2594%2594%25ED%2594%2584%25EB%25A0%258C%25EB%2593%259C,,,,neutral,기타,기타,ok
2026-06-07T13:13:32+09:00,threads,site_search,daum_site_search,Category,site:threads.net 안마의자 추천,어학사전 새창,,http://dic.daum.net/search.do?q=site%3Athreads.net+%EC%95%88%EB%A7%88%EC%9D%98%EC%9E%90+%EC%B6%94%EC%B2%9C,,,,positive,추천 요청,안마의자,ok
2026-06-07T13:13:32+09:00,threads,site_search,daum_site_search,Category,site:threads.net 안마의자 추천,지도 새창,,https://map.kakao.com/?from=total&nil_suggest=btn&tab=place&q=site%3Athreads.net+%EC%95%88%EB%A7%88%EC%9D%98%EC%9E%90+%EC%B6%94%EC%B2%9C,,,,positive,추천 요청,안마의자,ok
2026-06-07T13:13:32+09:00,threads,site_search,daum_site_search,Category,site:threads.net 안마의자 추천,백과사전 새창,,https://100.daum.net/search/entry?q=site%3Athreads.net+%EC%95%88%EB%A7%88%EC%9D%98%EC%9E%90+%EC%B6%94%EC%B2%9C,,,,positive,추천 요청,안마의자,ok
2026-06-07T13:13:32+09:00,threads,site_search,jina_site_search,Category,site:threads.net 안마의자 추천,본문 바로가기,site:threads.net 안마의자 추천,https://search.daum.net/search?w=tot&q=site:threads.net+%EC%95%88%EB%A7%88%EC%9D%98%EC%9E%90+%EC%B6%94%EC%B2%9C#daumBody,,,,positive,추천 요청,안마의자,ok
2026-06-07T13:13:32+09:00,threads,site_search,jina_site_search,Category,site:threads.net 안마의자 추천,메뉴 바로가기,site:threads.net 안마의자 추천,https://search.daum.net/search?w=tot&q=site:threads.net+%EC%95%88%EB%A7%88%EC%9D%98%EC%9E%90+%EC%B6%94%EC%B2%9C#daumGnb,,,,positive,추천 요청,안마의자,ok
2026-06-07T13:13:32+09:00,threads,site_search,jina_site_search,Category,site:threads.net 안마의자 추천,로그인,,https://logins.daum.net/accounts/loginform.do?url=https%3A%2F%2Fsearch.daum.net%2Fsearch%3Fw%3Dtot%26q%3Dsite%3Athreads.net%2B%25EC%2595%2588%25EB%25A7%2588%25EC%259D%2598%25EC%259E%2590%2B%25EC%25B6%2594%25EC%25B2%259C,,,,positive,추천 요청,안마의자,ok
2026-06-07T13:13:32+09:00,naver_cafe,site_search,daum_site_search,Zespa,site:cafe.naver.com 제스파 후기,어학사전 새창,,http://dic.daum.net/search.do?q=site%3Acafe.naver.com+%EC%A0%9C%EC%8A%A4%ED%8C%8C+%ED%9B%84%EA%B8%B0,,,,neutral,구매 후기,기타,ok
2026-06-07T13:13:32+09:00,naver_cafe,site_search,daum_site_search,Zespa,site:cafe.naver.com 제스파 후기,지도 새창,,https://map.kakao.com/?from=total&nil_suggest=btn&tab=place&q=site%3Acafe.naver.com+%EC%A0%9C%EC%8A%A4%ED%8C%8C+%ED%9B%84%EA%B8%B0,,,,neutral,구매 후기,기타,ok
2026-06-07T13:13:32+09:00,naver_cafe,site_search,daum_site_search,Zespa,site:cafe.naver.com 제스파 후기,백과사전 새창,,https://100.daum.net/search/entry?q=site%3Acafe.naver.com+%EC%A0%9C%EC%8A%A4%ED%8C%8C+%ED%9B%84%EA%B8%B0,,,,neutral,구매 후기,기타,ok
2026-06-07T13:13:32+09:00,naver_cafe,site_search,jina_site_search,Zespa,site:cafe.naver.com 제스파 후기,본문 바로가기,site:cafe.naver.com 제스파 후기,https://search.daum.net/search?w=tot&q=site:cafe.naver.com+%EC%A0%9C%EC%8A%A4%ED%8C%8C+%ED%9B%84%EA%B8%B0#daumBody,,,,neutral,구매 후기,기타,ok
2026-06-07T13:13:32+09:00,naver_cafe,site_search,jina_site_search,Zespa,site:cafe.naver.com 제스파 후기,메뉴 바로가기,site:cafe.naver.com 제스파 후기,https://search.daum.net/search?w=tot&q=site:cafe.naver.com+%EC%A0%9C%EC%8A%A4%ED%8C%8C+%ED%9B%84%EA%B8%B0#daumGnb,,,,neutral,구매 후기,기타,ok
2026-06-07T13:13:32+09:00,naver_cafe,site_search,jina_site_search,Zespa,site:cafe.naver.com 제스파 후기,로그인,,https://logins.daum.net/accounts/loginform.do?url=https%3A%2F%2Fsearch.daum.net%2Fsearch%3Fw%3Dtot%26q%3Dsite%3Acafe.naver.com%2B%25EC%25A0%259C%25EC%258A%25A4%25ED%258C%258C%2B%25ED%259B%2584%25EA%25B8%25B0,,,,neutral,구매 후기,기타,ok
2026-06-07T13:13:32+09:00,naver_cafe,site_search,daum_site_search,Bodyfriend,site:cafe.naver.com 바디프렌드 AS,어학사전 새창,,http://dic.daum.net/search.do?q=site%3Acafe.naver.com+%EB%B0%94%EB%94%94%ED%94%84%EB%A0%8C%EB%93%9C+AS,,,,negative,AS/고장 불만,AS/고장/내구성,ok
2026-06-07T13:13:32+09:00,naver_cafe,site_search,daum_site_search,Bodyfriend,site:cafe.naver.com 바디프렌드 AS,지도 새창,,https://map.kakao.com/?from=total&nil_suggest=btn&tab=place&q=site%3Acafe.naver.com+%EB%B0%94%EB%94%94%ED%94%84%EB%A0%8C%EB%93%9C+AS,,,,negative,AS/고장 불만,AS/고장/내구성,ok
2026-06-07T13:13:32+09:00,naver_cafe,site_search,daum_site_search,Bodyfriend,site:cafe.naver.com 바디프렌드 AS,백과사전 새창,,https://100.daum.net/search/entry?q=site%3Acafe.naver.com+%EB%B0%94%EB%94%94%ED%94%84%EB%A0%8C%EB%93%9C+AS,,,,negative,AS/고장 불만,AS/고장/내구성,ok
2026-06-07T13:13:32+09:00,naver_cafe,site_search,jina_site_search,Bodyfriend,site:cafe.naver.com 바디프렌드 AS,본문 바로가기,site:cafe.naver.com 바디프렌드 AS,https://search.daum.net/search?w=tot&q=site:cafe.naver.com+%EB%B0%94%EB%94%94%ED%94%84%EB%A0%8C%EB%93%9C+AS#daumBody,,,,negative,AS/고장 불만,AS/고장/내구성,ok
2026-06-07T13:13:32+09:00,naver_cafe,site_search,jina_site_search,Bodyfriend,site:cafe.naver.com 바디프렌드 AS,메뉴 바로가기,site:cafe.naver.com 바디프렌드 AS,https://search.daum.net/search?w=tot&q=site:cafe.naver.com+%EB%B0%94%EB%94%94%ED%94%84%EB%A0%8C%EB%93%9C+AS#daumGnb,,,,negative,AS/고장 불만,AS/고장/내구성,ok
2026-06-07T13:13:32+09:00,naver_cafe,site_search,jina_site_search,Bodyfriend,site:cafe.naver.com 바디프렌드 AS,로그인,,https://logins.daum.net/accounts/loginform.do?url=https%3A%2F%2Fsearch.daum.net%2Fsearch%3Fw%3Dtot%26q%3Dsite%3Acafe.naver.com%2B%25EB%25B0%2594%25EB%2594%2594%25ED%2594%2584%25EB%25A0%258C%25EB%2593%259C%2BAS,,,,negative,AS/고장 불만,AS/고장/내구성,ok
2026-06-07T13:13:32+09:00,naver_cafe,site_search,daum_site_search,Category,site:cafe.naver.com 부모님 마사지기 추천,어학사전 새창,,http://dic.daum.net/search.do?q=site%3Acafe.naver.com+%EB%B6%80%EB%AA%A8%EB%8B%98+%EB%A7%88%EC%82%AC%EC%A7%80%EA%B8%B0+%EC%B6%94%EC%B2%9C,,,,positive,추천 요청,부모님 선물,ok
2026-06-07T13:13:32+09:00,naver_cafe,site_search,daum_site_search,Category,site:cafe.naver.com 부모님 마사지기 추천,지도 새창,,https://map.kakao.com/?from=total&nil_suggest=btn&tab=place&q=site%3Acafe.naver.com+%EB%B6%80%EB%AA%A8%EB%8B%98+%EB%A7%88%EC%82%AC%EC%A7%80%EA%B8%B0+%EC%B6%94%EC%B2%9C,,,,positive,추천 요청,부모님 선물,ok
2026-06-07T13:13:32+09:00,naver_cafe,site_search,daum_site_search,Category,site:cafe.naver.com 부모님 마사지기 추천,백과사전 새창,,https://100.daum.net/search/entry?q=site%3Acafe.naver.com+%EB%B6%80%EB%AA%A8%EB%8B%98+%EB%A7%88%EC%82%AC%EC%A7%80%EA%B8%B0+%EC%B6%94%EC%B2%9C,,,,positive,추천 요청,부모님 선물,ok
2026-06-07T13:13:32+09:00,naver_cafe,site_search,jina_site_search,Category,site:cafe.naver.com 부모님 마사지기 추천,본문 바로가기,site:cafe.naver.com 부모님 마사지기 추천,https://search.daum.net/search?w=tot&q=site:cafe.naver.com+%EB%B6%80%EB%AA%A8%EB%8B%98+%EB%A7%88%EC%82%AC%EC%A7%80%EA%B8%B0+%EC%B6%94%EC%B2%9C#daumBody,,,,positive,추천 요청,부모님 선물,ok
2026-06-07T13:13:32+09:00,naver_cafe,site_search,jina_site_search,Category,site:cafe.naver.com 부모님 마사지기 추천,메뉴 바로가기,site:cafe.naver.com 부모님 마사지기 추천,https://search.daum.net/search?w=tot&q=site:cafe.naver.com+%EB%B6%80%EB%AA%A8%EB%8B%98+%EB%A7%88%EC%82%AC%EC%A7%80%EA%B8%B0+%EC%B6%94%EC%B2%9C#daumGnb,,,,positive,추천 요청,부모님 선물,ok
2026-06-07T13:13:32+09:00,naver_cafe,site_search,jina_site_search,Category,site:cafe.naver.com 부모님 마사지기 추천,로그인,,https://logins.daum.net/accounts/loginform.do?url=https%3A%2F%2Fsearch.daum.net%2Fsearch%3Fw%3Dtot%26q%3Dsite%3Acafe.naver.com%2B%25EB%25B6%2580%25EB%25AA%25A8%25EB%258B%2598%2B%25EB%25A7%2588%25EC%2582%25AC%25EC%25A7%2580%25EA%25B8%25B0%2B%25EC%25B6%2594%25EC%25B2%259C,,,,positive,추천 요청,부모님 선물,ok
2026-06-07T13:13:32+09:00,dcinside,site_search,daum_site_search,Zespa,site:dcinside.com 제스파,어학사전 새창,,http://dic.daum.net/search.do?q=site%3Adcinside.com+%EC%A0%9C%EC%8A%A4%ED%8C%8C,,,,neutral,기타,기타,ok
2026-06-07T13:13:32+09:00,dcinside,site_search,daum_site_search,Zespa,site:dcinside.com 제스파,지도 새창,,https://map.kakao.com/?from=total&nil_suggest=btn&tab=place&q=site%3Adcinside.com+%EC%A0%9C%EC%8A%A4%ED%8C%8C,,,,neutral,기타,기타,ok
2026-06-07T13:13:32+09:00,dcinside,site_search,daum_site_search,Zespa,site:dcinside.com 제스파,백과사전 새창,,https://100.daum.net/search/entry?q=site%3Adcinside.com+%EC%A0%9C%EC%8A%A4%ED%8C%8C,,,,neutral,기타,기타,ok
2026-06-07T13:13:32+09:00,dcinside,site_search,jina_site_search,Zespa,site:dcinside.com 제스파,본문 바로가기,site:dcinside.com 제스파,https://search.daum.net/search?w=tot&q=site:dcinside.com+%EC%A0%9C%EC%8A%A4%ED%8C%8C#daumBody,,,,neutral,기타,기타,ok
2026-06-07T13:13:32+09:00,dcinside,site_search,jina_site_search,Zespa,site:dcinside.com 제스파,메뉴 바로가기,site:dcinside.com 제스파,https://search.daum.net/search?w=tot&q=site:dcinside.com+%EC%A0%9C%EC%8A%A4%ED%8C%8C#daumGnb,,,,neutral,기타,기타,ok
2026-06-07T13:13:32+09:00,dcinside,site_search,jina_site_search,Zespa,site:dcinside.com 제스파,로그인,,https://logins.daum.net/accounts/loginform.do?url=https%3A%2F%2Fsearch.daum.net%2Fsearch%3Fw%3Dtot%26q%3Dsite%3Adcinside.com%2B%25EC%25A0%259C%25EC%258A%25A4%25ED%258C%258C,,,,neutral,기타,기타,ok
2026-06-07T13:13:32+09:00,dcinside,site_search,daum_site_search,Bodyfriend,site:dcinside.com 바디프렌드,어학사전 새창,,http://dic.daum.net/search.do?q=site%3Adcinside.com+%EB%B0%94%EB%94%94%ED%94%84%EB%A0%8C%EB%93%9C,,,,neutral,기타,기타,ok
2026-06-07T13:13:32+09:00,dcinside,site_search,daum_site_search,Bodyfriend,site:dcinside.com 바디프렌드,지도 새창,,https://map.kakao.com/?from=total&nil_suggest=btn&tab=place&q=site%3Adcinside.com+%EB%B0%94%EB%94%94%ED%94%84%EB%A0%8C%EB%93%9C,,,,neutral,기타,기타,ok
2026-06-07T13:13:32+09:00,dcinside,site_search,daum_site_search,Bodyfriend,site:dcinside.com 바디프렌드,백과사전 새창,,https://100.daum.net/search/entry?q=site%3Adcinside.com+%EB%B0%94%EB%94%94%ED%94%84%EB%A0%8C%EB%93%9C,,,,neutral,기타,기타,ok
2026-06-07T13:13:32+09:00,dcinside,site_search,jina_site_search,Bodyfriend,site:dcinside.com 바디프렌드,본문 바로가기,site:dcinside.com 바디프렌드,https://search.daum.net/search?w=tot&q=site:dcinside.com+%EB%B0%94%EB%94%94%ED%94%84%EB%A0%8C%EB%93%9C#daumBody,,,,neutral,기타,기타,ok
2026-06-07T13:13:32+09:00,dcinside,site_search,jina_site_search,Bodyfriend,site:dcinside.com 바디프렌드,메뉴 바로가기,site:dcinside.com 바디프렌드,https://search.daum.net/search?w=tot&q=site:dcinside.com+%EB%B0%94%EB%94%94%ED%94%84%EB%A0%8C%EB%93%9C#daumGnb,,,,neutral,기타,기타,ok
2026-06-07T13:13:32+09:00,dcinside,site_search,jina_site_search,Bodyfriend,site:dcinside.com 바디프렌드,로그인,,https://logins.daum.net/accounts/loginform.do?url=https%3A%2F%2Fsearch.daum.net%2Fsearch%3Fw%3Dtot%26q%3Dsite%3Adcinside.com%2B%25EB%25B0%2594%25EB%2594%2594%25ED%2594%2584%25EB%25A0%258C%25EB%2593%259C,,,,neutral,기타,기타,ok
2026-06-07T13:13:32+09:00,dcinside,site_search,daum_site_search,Category,site:dcinside.com 안마의자 추천,어학사전 새창,,http://dic.daum.net/search.do?q=site%3Adcinside.com+%EC%95%88%EB%A7%88%EC%9D%98%EC%9E%90+%EC%B6%94%EC%B2%9C,,,,positive,추천 요청,안마의자,ok
2026-06-07T13:13:32+09:00,dcinside,site_search,daum_site_search,Category,site:dcinside.com 안마의자 추천,지도 새창,,https://map.kakao.com/?from=total&nil_suggest=btn&tab=place&q=site%3Adcinside.com+%EC%95%88%EB%A7%88%EC%9D%98%EC%9E%90+%EC%B6%94%EC%B2%9C,,,,positive,추천 요청,안마의자,ok
2026-06-07T13:13:32+09:00,dcinside,site_search,daum_site_search,Category,site:dcinside.com 안마의자 추천,백과사전 새창,,https://100.daum.net/search/entry?q=site%3Adcinside.com+%EC%95%88%EB%A7%88%EC%9D%98%EC%9E%90+%EC%B6%94%EC%B2%9C,,,,positive,추천 요청,안마의자,ok
2026-06-07T13:13:32+09:00,dcinside,site_search,jina_site_search,Category,site:dcinside.com 안마의자 추천,본문 바로가기,site:dcinside.com 안마의자 추천,https://search.daum.net/search?w=tot&q=site:dcinside.com+%EC%95%88%EB%A7%88%EC%9D%98%EC%9E%90+%EC%B6%94%EC%B2%9C#daumBody,,,,positive,추천 요청,안마의자,ok
2026-06-07T13:13:32+09:00,dcinside,site_search,jina_site_search,Category,site:dcinside.com 안마의자 추천,메뉴 바로가기,site:dcinside.com 안마의자 추천,https://search.daum.net/search?w=tot&q=site:dcinside.com+%EC%95%88%EB%A7%88%EC%9D%98%EC%9E%90+%EC%B6%94%EC%B2%9C#daumGnb,,,,positive,추천 요청,안마의자,ok
2026-06-07T13:13:32+09:00,dcinside,site_search,jina_site_search,Category,site:dcinside.com 안마의자 추천,로그인,,https://logins.daum.net/accounts/loginform.do?url=https%3A%2F%2Fsearch.daum.net%2Fsearch%3Fw%3Dtot%26q%3Dsite%3Adcinside.com%2B%25EC%2595%2588%25EB%25A7%2588%25EC%259D%2598%25EC%259E%2590%2B%25EC%25B6%2594%25EC%25B2%259C,,,,positive,추천 요청,안마의자,ok
2026-06-07T13:13:32+09:00,ppomppu,site_search,daum_site_search,Zespa,site:ppomppu.co.kr 제스파,어학사전 새창,,http://dic.daum.net/search.do?q=site%3Appomppu.co.kr+%EC%A0%9C%EC%8A%A4%ED%8C%8C,,,,neutral,기타,기타,ok
2026-06-07T13:13:32+09:00,ppomppu,site_search,daum_site_search,Zespa,site:ppomppu.co.kr 제스파,지도 새창,,https://map.kakao.com/?from=total&nil_suggest=btn&tab=place&q=site%3Appomppu.co.kr+%EC%A0%9C%EC%8A%A4%ED%8C%8C,,,,neutral,기타,기타,ok
2026-06-07T13:13:32+09:00,ppomppu,site_search,daum_site_search,Zespa,site:ppomppu.co.kr 제스파,백과사전 새창,,https://100.daum.net/search/entry?q=site%3Appomppu.co.kr+%EC%A0%9C%EC%8A%A4%ED%8C%8C,,,,neutral,기타,기타,ok
2026-06-07T13:13:32+09:00,ppomppu,site_search,jina_site_search,Zespa,site:ppomppu.co.kr 제스파,본문 바로가기,site:ppomppu.co.kr 제스파,https://search.daum.net/search?w=tot&q=site:ppomppu.co.kr+%EC%A0%9C%EC%8A%A4%ED%8C%8C#daumBody,,,,neutral,기타,기타,ok
2026-06-07T13:13:32+09:00,ppomppu,site_search,jina_site_search,Zespa,site:ppomppu.co.kr 제스파,메뉴 바로가기,site:ppomppu.co.kr 제스파,https://search.daum.net/search?w=tot&q=site:ppomppu.co.kr+%EC%A0%9C%EC%8A%A4%ED%8C%8C#daumGnb,,,,neutral,기타,기타,ok
2026-06-07T13:13:32+09:00,ppomppu,site_search,jina_site_search,Zespa,site:ppomppu.co.kr 제스파,로그인,,https://logins.daum.net/accounts/loginform.do?url=https%3A%2F%2Fsearch.daum.net%2Fsearch%3Fw%3Dtot%26q%3Dsite%3Appomppu.co.kr%2B%25EC%25A0%259C%25EC%258A%25A4%25ED%258C%258C,,,,neutral,기타,기타,ok
2026-06-07T13:13:32+09:00,ppomppu,site_search,daum_site_search,Bodyfriend,site:ppomppu.co.kr 바디프렌드,어학사전 새창,,http://dic.daum.net/search.do?q=site%3Appomppu.co.kr+%EB%B0%94%EB%94%94%ED%94%84%EB%A0%8C%EB%93%9C,,,,neutral,기타,기타,ok
2026-06-07T13:13:32+09:00,ppomppu,site_search,daum_site_search,Bodyfriend,site:ppomppu.co.kr 바디프렌드,지도 새창,,https://map.kakao.com/?from=total&nil_suggest=btn&tab=place&q=site%3Appomppu.co.kr+%EB%B0%94%EB%94%94%ED%94%84%EB%A0%8C%EB%93%9C,,,,neutral,기타,기타,ok
2026-06-07T13:13:32+09:00,ppomppu,site_search,daum_site_search,Bodyfriend,site:ppomppu.co.kr 바디프렌드,백과사전 새창,,https://100.daum.net/search/entry?q=site%3Appomppu.co.kr+%EB%B0%94%EB%94%94%ED%94%84%EB%A0%8C%EB%93%9C,,,,neutral,기타,기타,ok
2026-06-07T13:13:32+09:00,ppomppu,site_search,jina_site_search,Bodyfriend,site:ppomppu.co.kr 바디프렌드,본문 바로가기,site:ppomppu.co.kr 바디프렌드,https://search.daum.net/search?w=tot&q=site:ppomppu.co.kr+%EB%B0%94%EB%94%94%ED%94%84%EB%A0%8C%EB%93%9C#daumBody,,,,neutral,기타,기타,ok
2026-06-07T13:13:32+09:00,ppomppu,site_search,jina_site_search,Bodyfriend,site:ppomppu.co.kr 바디프렌드,메뉴 바로가기,site:ppomppu.co.kr 바디프렌드,https://search.daum.net/search?w=tot&q=site:ppomppu.co.kr+%EB%B0%94%EB%94%94%ED%94%84%EB%A0%8C%EB%93%9C#daumGnb,,,,neutral,기타,기타,ok
2026-06-07T13:13:32+09:00,ppomppu,site_search,jina_site_search,Bodyfriend,site:ppomppu.co.kr 바디프렌드,로그인,,https://logins.daum.net/accounts/loginform.do?url=https%3A%2F%2Fsearch.daum.net%2Fsearch%3Fw%3Dtot%26q%3Dsite%3Appomppu.co.kr%2B%25EB%25B0%2594%25EB%2594%2594%25ED%2594%2584%25EB%25A0%258C%25EB%2593%259C,,,,neutral,기타,기타,ok
2026-06-07T13:13:32+09:00,ppomppu,site_search,daum_site_search,Category,site:ppomppu.co.kr 마사지기 추천,어학사전 새창,,http://dic.daum.net/search.do?q=site%3Appomppu.co.kr+%EB%A7%88%EC%82%AC%EC%A7%80%EA%B8%B0+%EC%B6%94%EC%B2%9C,,,,positive,추천 요청,기타,ok
2026-06-07T13:13:32+09:00,ppomppu,site_search,daum_site_search,Category,site:ppomppu.co.kr 마사지기 추천,지도 새창,,https://map.kakao.com/?from=total&nil_suggest=btn&tab=place&q=site%3Appomppu.co.kr+%EB%A7%88%EC%82%AC%EC%A7%80%EA%B8%B0+%EC%B6%94%EC%B2%9C,,,,positive,추천 요청,기타,ok
2026-06-07T13:13:32+09:00,ppomppu,site_search,daum_site_search,Category,site:ppomppu.co.kr 마사지기 추천,백과사전 새창,,https://100.daum.net/search/entry?q=site%3Appomppu.co.kr+%EB%A7%88%EC%82%AC%EC%A7%80%EA%B8%B0+%EC%B6%94%EC%B2%9C,,,,positive,추천 요청,기타,ok
2026-06-07T13:13:32+09:00,ppomppu,site_search,jina_site_search,Category,site:ppomppu.co.kr 마사지기 추천,본문 바로가기,site:ppomppu.co.kr 마사지기 추천,https://search.daum.net/search?w=tot&q=site:ppomppu.co.kr+%EB%A7%88%EC%82%AC%EC%A7%80%EA%B8%B0+%EC%B6%94%EC%B2%9C#daumBody,,,,positive,추천 요청,기타,ok
2026-06-07T13:13:32+09:00,ppomppu,site_search,jina_site_search,Category,site:ppomppu.co.kr 마사지기 추천,메뉴 바로가기,site:ppomppu.co.kr 마사지기 추천,https://search.daum.net/search?w=tot&q=site:ppomppu.co.kr+%EB%A7%88%EC%82%AC%EC%A7%80%EA%B8%B0+%EC%B6%94%EC%B2%9C#daumGnb,,,,positive,추천 요청,기타,ok
2026-06-07T13:13:32+09:00,ppomppu,site_search,jina_site_search,Category,site:ppomppu.co.kr 마사지기 추천,로그인,,https://logins.daum.net/accounts/loginform.do?url=https%3A%2F%2Fsearch.daum.net%2Fsearch%3Fw%3Dtot%26q%3Dsite%3Appomppu.co.kr%2B%25EB%25A7%2588%25EC%2582%25AC%25EC%25A7%2580%25EA%25B8%25B0%2B%25EC%25B6%2594%25EC%25B2%259C,,,,positive,추천 요청,기타,ok
2026-06-07T13:13:32+09:00,clien,site_search,daum_site_search,Zespa,site:clien.net 제스파,어학사전 새창,,http://dic.daum.net/search.do?q=site%3Aclien.net+%EC%A0%9C%EC%8A%A4%ED%8C%8C,,,,neutral,기타,기타,ok
2026-06-07T13:13:32+09:00,clien,site_search,daum_site_search,Zespa,site:clien.net 제스파,지도 새창,,https://map.kakao.com/?from=total&nil_suggest=btn&tab=place&q=site%3Aclien.net+%EC%A0%9C%EC%8A%A4%ED%8C%8C,,,,neutral,기타,기타,ok
2026-06-07T13:13:32+09:00,clien,site_search,daum_site_search,Zespa,site:clien.net 제스파,백과사전 새창,,https://100.daum.net/search/entry?q=site%3Aclien.net+%EC%A0%9C%EC%8A%A4%ED%8C%8C,,,,neutral,기타,기타,ok
2026-06-07T13:13:32+09:00,clien,site_search,jina_site_search,Zespa,site:clien.net 제스파,본문 바로가기,site:clien.net 제스파,https://search.daum.net/search?w=tot&q=site:clien.net+%EC%A0%9C%EC%8A%A4%ED%8C%8C#daumBody,,,,neutral,기타,기타,ok
2026-06-07T13:13:32+09:00,clien,site_search,jina_site_search,Zespa,site:clien.net 제스파,메뉴 바로가기,site:clien.net 제스파,https://search.daum.net/search?w=tot&q=site:clien.net+%EC%A0%9C%EC%8A%A4%ED%8C%8C#daumGnb,,,,neutral,기타,기타,ok
2026-06-07T13:13:32+09:00,clien,site_search,jina_site_search,Zespa,site:clien.net 제스파,로그인,,https://logins.daum.net/accounts/loginform.do?url=https%3A%2F%2Fsearch.daum.net%2Fsearch%3Fw%3Dtot%26q%3Dsite%3Aclien.net%2B%25EC%25A0%259C%25EC%258A%25A4%25ED%258C%258C,,,,neutral,기타,기타,ok
2026-06-07T13:13:32+09:00,clien,site_search,daum_site_search,Bodyfriend,site:clien.net 바디프렌드,어학사전 새창,,http://dic.daum.net/search.do?q=site%3Aclien.net+%EB%B0%94%EB%94%94%ED%94%84%EB%A0%8C%EB%93%9C,,,,neutral,기타,기타,ok
2026-06-07T13:13:32+09:00,clien,site_search,daum_site_search,Bodyfriend,site:clien.net 바디프렌드,지도 새창,,https://map.kakao.com/?from=total&nil_suggest=btn&tab=place&q=site%3Aclien.net+%EB%B0%94%EB%94%94%ED%94%84%EB%A0%8C%EB%93%9C,,,,neutral,기타,기타,ok
2026-06-07T13:13:32+09:00,clien,site_search,daum_site_search,Bodyfriend,site:clien.net 바디프렌드,백과사전 새창,,https://100.daum.net/search/entry?q=site%3Aclien.net+%EB%B0%94%EB%94%94%ED%94%84%EB%A0%8C%EB%93%9C,,,,neutral,기타,기타,ok
2026-06-07T13:13:32+09:00,clien,site_search,jina_site_search,Bodyfriend,site:clien.net 바디프렌드,본문 바로가기,site:clien.net 바디프렌드,https://search.daum.net/search?w=tot&q=site:clien.net+%EB%B0%94%EB%94%94%ED%94%84%EB%A0%8C%EB%93%9C#daumBody,,,,neutral,기타,기타,ok
2026-06-07T13:13:32+09:00,clien,site_search,jina_site_search,Bodyfriend,site:clien.net 바디프렌드,메뉴 바로가기,site:clien.net 바디프렌드,https://search.daum.net/search?w=tot&q=site:clien.net+%EB%B0%94%EB%94%94%ED%94%84%EB%A0%8C%EB%93%9C#daumGnb,,,,neutral,기타,기타,ok
2026-06-07T13:13:32+09:00,clien,site_search,jina_site_search,Bodyfriend,site:clien.net 바디프렌드,로그인,,https://logins.daum.net/accounts/loginform.do?url=https%3A%2F%2Fsearch.daum.net%2Fsearch%3Fw%3Dtot%26q%3Dsite%3Aclien.net%2B%25EB%25B0%2594%25EB%2594%2594%25ED%2594%2584%25EB%25A0%258C%25EB%2593%259C,,,,neutral,기타,기타,ok
2026-06-07T13:13:32+09:00,clien,site_search,daum_site_search,Category,site:clien.net 안마의자 추천,어학사전 새창,,http://dic.daum.net/search.do?q=site%3Aclien.net+%EC%95%88%EB%A7%88%EC%9D%98%EC%9E%90+%EC%B6%94%EC%B2%9C,,,,positive,추천 요청,안마의자,ok
2026-06-07T13:13:32+09:00,clien,site_search,daum_site_search,Category,site:clien.net 안마의자 추천,지도 새창,,https://map.kakao.com/?from=total&nil_suggest=btn&tab=place&q=site%3Aclien.net+%EC%95%88%EB%A7%88%EC%9D%98%EC%9E%90+%EC%B6%94%EC%B2%9C,,,,positive,추천 요청,안마의자,ok
2026-06-07T13:13:32+09:00,clien,site_search,daum_site_search,Category,site:clien.net 안마의자 추천,백과사전 새창,,https://100.daum.net/search/entry?q=site%3Aclien.net+%EC%95%88%EB%A7%88%EC%9D%98%EC%9E%90+%EC%B6%94%EC%B2%9C,,,,positive,추천 요청,안마의자,ok
2026-06-07T13:13:32+09:00,clien,site_search,jina_site_search,Category,site:clien.net 안마의자 추천,본문 바로가기,site:clien.net 안마의자 추천,https://search.daum.net/search?w=tot&q=site:clien.net+%EC%95%88%EB%A7%88%EC%9D%98%EC%9E%90+%EC%B6%94%EC%B2%9C#daumBody,,,,positive,추천 요청,안마의자,ok
2026-06-07T13:13:32+09:00,clien,site_search,jina_site_search,Category,site:clien.net 안마의자 추천,메뉴 바로가기,site:clien.net 안마의자 추천,https://search.daum.net/search?w=tot&q=site:clien.net+%EC%95%88%EB%A7%88%EC%9D%98%EC%9E%90+%EC%B6%94%EC%B2%9C#daumGnb,,,,positive,추천 요청,안마의자,ok
2026-06-07T13:13:32+09:00,clien,site_search,jina_site_search,Category,site:clien.net 안마의자 추천,로그인,,https://logins.daum.net/accounts/loginform.do?url=https%3A%2F%2Fsearch.daum.net%2Fsearch%3Fw%3Dtot%26q%3Dsite%3Aclien.net%2B%25EC%2595%2588%25EB%25A7%2588%25EC%259D%2598%25EC%259E%2590%2B%25EC%25B6%2594%25EC%25B2%259C,,,,positive,추천 요청,안마의자,ok
2026-06-07T13:13:32+09:00,theqoo,site_search,daum_site_search,Zespa,site:theqoo.net 제스파,어학사전 새창,,http://dic.daum.net/search.do?q=site%3Atheqoo.net+%EC%A0%9C%EC%8A%A4%ED%8C%8C,,,,neutral,기타,기타,ok
2026-06-07T13:13:32+09:00,theqoo,site_search,daum_site_search,Zespa,site:theqoo.net 제스파,지도 새창,,https://map.kakao.com/?from=total&nil_suggest=btn&tab=place&q=site%3Atheqoo.net+%EC%A0%9C%EC%8A%A4%ED%8C%8C,,,,neutral,기타,기타,ok
2026-06-07T13:13:32+09:00,theqoo,site_search,daum_site_search,Zespa,site:theqoo.net 제스파,백과사전 새창,,https://100.daum.net/search/entry?q=site%3Atheqoo.net+%EC%A0%9C%EC%8A%A4%ED%8C%8C,,,,neutral,기타,기타,ok
2026-06-07T13:13:32+09:00,theqoo,site_search,jina_site_search,Zespa,site:theqoo.net 제스파,본문 바로가기,site:theqoo.net 제스파,https://search.daum.net/search?w=tot&q=site:theqoo.net+%EC%A0%9C%EC%8A%A4%ED%8C%8C#daumBody,,,,neutral,기타,기타,ok
2026-06-07T13:13:32+09:00,theqoo,site_search,jina_site_search,Zespa,site:theqoo.net 제스파,메뉴 바로가기,site:theqoo.net 제스파,https://search.daum.net/search?w=tot&q=site:theqoo.net+%EC%A0%9C%EC%8A%A4%ED%8C%8C#daumGnb,,,,neutral,기타,기타,ok
2026-06-07T13:13:32+09:00,theqoo,site_search,jina_site_search,Zespa,site:theqoo.net 제스파,로그인,,https://logins.daum.net/accounts/loginform.do?url=https%3A%2F%2Fsearch.daum.net%2Fsearch%3Fw%3Dtot%26q%3Dsite%3Atheqoo.net%2B%25EC%25A0%259C%25EC%258A%25A4%25ED%258C%258C,,,,neutral,기타,기타,ok
2026-06-07T13:13:32+09:00,theqoo,site_search,daum_site_search,Bodyfriend,site:theqoo.net 바디프렌드,어학사전 새창,,http://dic.daum.net/search.do?q=site%3Atheqoo.net+%EB%B0%94%EB%94%94%ED%94%84%EB%A0%8C%EB%93%9C,,,,neutral,기타,기타,ok
2026-06-07T13:13:32+09:00,theqoo,site_search,daum_site_search,Bodyfriend,site:theqoo.net 바디프렌드,지도 새창,,https://map.kakao.com/?from=total&nil_suggest=btn&tab=place&q=site%3Atheqoo.net+%EB%B0%94%EB%94%94%ED%94%84%EB%A0%8C%EB%93%9C,,,,neutral,기타,기타,ok
2026-06-07T13:13:32+09:00,theqoo,site_search,daum_site_search,Bodyfriend,site:theqoo.net 바디프렌드,백과사전 새창,,https://100.daum.net/search/entry?q=site%3Atheqoo.net+%EB%B0%94%EB%94%94%ED%94%84%EB%A0%8C%EB%93%9C,,,,neutral,기타,기타,ok
2026-06-07T13:13:32+09:00,theqoo,site_search,jina_site_search,Bodyfriend,site:theqoo.net 바디프렌드,본문 바로가기,site:theqoo.net 바디프렌드,https://search.daum.net/search?w=tot&q=site:theqoo.net+%EB%B0%94%EB%94%94%ED%94%84%EB%A0%8C%EB%93%9C#daumBody,,,,neutral,기타,기타,ok
2026-06-07T13:13:32+09:00,theqoo,site_search,jina_site_search,Bodyfriend,site:theqoo.net 바디프렌드,메뉴 바로가기,site:theqoo.net 바디프렌드,https://search.daum.net/search?w=tot&q=site:theqoo.net+%EB%B0%94%EB%94%94%ED%94%84%EB%A0%8C%EB%93%9C#daumGnb,,,,neutral,기타,기타,ok
2026-06-07T13:13:32+09:00,theqoo,site_search,jina_site_search,Bodyfriend,site:theqoo.net 바디프렌드,통합,,https://search.daum.net/search?w=tot&q=site%3atheqoo.net%20%eb%b0%94%eb%94%94%ed%94%84%eb%a0%8c%eb%93%9c&DA=NTB,,,,neutral,기타,기타,ok
2026-06-07T13:13:32+09:00,theqoo,site_search,daum_site_search,Category,site:theqoo.net 발마사지기,어학사전 새창,,http://dic.daum.net/search.do?q=site%3Atheqoo.net+%EB%B0%9C%EB%A7%88%EC%82%AC%EC%A7%80%EA%B8%B0,,,,neutral,기타,발마사지기,ok
2026-06-07T13:13:32+09:00,theqoo,site_search,daum_site_search,Category,site:theqoo.net 발마사지기,지도 새창,,https://map.kakao.com/?from=total&nil_suggest=btn&tab=place&q=site%3Atheqoo.net+%EB%B0%9C%EB%A7%88%EC%82%AC%EC%A7%80%EA%B8%B0,,,,neutral,기타,발마사지기,ok
2026-06-07T13:13:32+09:00,theqoo,site_search,daum_site_search,Category,site:theqoo.net 발마사지기,백과사전 새창,,https://100.daum.net/search/entry?q=site%3Atheqoo.net+%EB%B0%9C%EB%A7%88%EC%82%AC%EC%A7%80%EA%B8%B0,,,,neutral,기타,발마사지기,ok
2026-06-07T13:17:16+09:00,daum,daum_search,daum_html,Zespa,제스파 후기,코스모폴리탄,"개별문서메뉴 톡으로 바로 공유 공유하기 7 시술부터 다이어트 김밥까지, 서인영이 직접 밝힌 관리 비법은? 아침저녁으로 빠짐없이 챙기는 붓기 관리 루틴의 핵심은 제스파 에어슈입니다. 발바닥부터 종아리, 아킬레스건까지 커버되는 설계...다른 마사지기도 써봤지만 결국 에어슈로 돌아오게 된다는 후기 , 아침저녁으로 다리 굵기가 달라진다는 경험담까지 더해지니 그냥... 2026.05.07",https://v.daum.net/channel/323/home,,,,neutral,구매 후기,종아리 마사지기,ok
2026-06-07T13:17:16+09:00,daum,daum_search,daum_html,Zespa,제스파 후기,bnt뉴스,"개별문서메뉴 톡으로 바로 공유 공유하기 오퀴즈 정답, 28일 8시 ' 제스파 안마의자' ©bntnews 8월 28일 OK캐쉬백 오!퀴즈 정답이 공개됐다. 오후 8시 LIVE 역대급 혜택 안마의자 타임 특가! 제스파 오퀴즈 문제는 ' 제스파 xCJ온스타일 LIVE! 후기 가 입증하는 더클랑 안마의자 대표 기능은 OOOO입니다. (초성힌트:ㅇㅅㅇㅅ)'이다. 정답은 '음성인식'이다... 2022.08.28",https://v.daum.net/channel/175/home,,,,neutral,구매 후기,안마의자,ok
2026-06-07T13:17:16+09:00,daum,daum_search,daum_html,Zespa,제스파 후기,머니투데이,"개별문서메뉴 톡으로 바로 공유 공유하기 제스파 , 미용 브랜드 '로아벨' 론칭..아쿠아필링기 2종 출시 온 제스파 가 선보이는 브랜드로, 간편하고 효율적으로 관리할 수 있는 전문적인 미용기기들을 출시할 예정이다. 로아벨은 론칭과 동시에 LED 아쿠아필링기 2종을 먼저 출시했다. LED 아쿠아필링기 2종인 L6P 소닉앤이온토필링기(핑크)와 L6G 소닉앤이온토필링기... 2019.01.08",https://v.daum.net/channel/5/home,,,,positive,구매 후기,기타,ok
2026-06-07T13:17:16+09:00,daum,daum_search,daum_html,Zespa,제스파 발마사지기,디지털타임스,개별문서메뉴 톡으로 바로 공유 공유하기 제스파 발 마사지기 '다크 초콜릿 히팅 풋' 출시 지퍼식 분리형 커버로 세탁이 쉽고 여름철에는 덮개를 분리해 롤링마사지 기능만 사용할 수 있도록 했다. 제스파 다크 초콜릿 히팅 풋 발 마사지기 는 온라인 쇼핑몰 쿠팡에서 구매할 수 있다. 이규화 선임기자 david@dt.co.kr < Copyrights ⓒ 디지털타임스 & dt.co... 2016.03.03,https://v.daum.net/channel/94/home,,,,neutral,구매 후기,발마사지기,ok
2026-06-07T13:17:16+09:00,daum,daum_search,daum_html,Zespa,제스파 발마사지기,중앙SUNDAY,"개별문서메뉴 톡으로 바로 공유 공유하기 제스파 , 신개념 종아리 발 마사지기 '더툴400 에어슈' 출시 제스파 , 신개념 종아리 발 마사지기 '더툴400 에어슈' 출시 생활가전 전문 브랜드 제스파 가 신개념 종아리 발 마사지기 ‘에어슈’를 공식 출시했다. 이 제품은 기존 종아리 마사지기 가 종아리 마사지에 집중한 반면, 에어슈의 경우 종아리뿐 아니라 발 까지 한번에 마사지... 2024.07.03",https://v.daum.net/channel/3437/home,,,,neutral,기타,발마사지기,ok
2026-06-07T13:17:16+09:00,daum,daum_search,daum_html,Zespa,제스파 발마사지기,게임동아,"언론사 픽 개별문서메뉴 톡으로 바로 공유 공유하기 '제4회 대한민국 NFT/블록체인 게임 컨퍼런스', 6월 판교서 개최 참가자에게는 스타벅스 기프트카드(3만원 상당)를 제공하고, 행사 추첨 경품으로 다이슨 헤어드라이어·다이슨 청소기· 제스파 발 마사지기 를 전달한다. 단, 경품 수령 시 발생하는 제세공과금(22%)은 본인 부담이다. 제4회 대한민국 NFT/블록체인 게임 컨퍼런스... 2025.05.23 게임톡 2025.05.24 제4회 대한민국 NFT-블록체인 게임 컨퍼런스, 6월 12일 판교서 개최 데일리e스포츠 2025.05.23 제4회 대한민국 NFT/블록체인 게임 컨퍼런스, 6월12일 판교서 개최 매경게임진 2025.05.23 ‘제4회 대한민국 NFT·블록체인 게임 컨퍼런스’ 6월 12일 경기창조경제혁신센터 개최 더보기 이전 컨텐츠보기 다음 컨텐츠보기",https://v.daum.net/channel/85/home,,,,neutral,기타,발마사지기,ok
2026-06-07T13:17:16+09:00,daum,daum_search,daum_html,Zespa,제스파 종아리 마사지기,코스모폴리탄,"개별문서메뉴 톡으로 바로 공유 공유하기 7 시술부터 다이어트 김밥까지, 서인영이 직접 밝힌 관리 비법은? 빠짐없이 챙기는 붓기 관리 루틴의 핵심은 제스파 에어슈입니다. 발바닥부터 종아리 , 아킬레스건까지 커버되는 설계 덕분에 하체 순환...집 안을 돌아다닐 수 있는 편의성도 뛰어나죠. 다른 마사지기 도 써봤지만 결국 에어슈로 돌아오게 된다는 후기, 아침저녁으로... 2026.05.07",https://v.daum.net/channel/323/home,,,,neutral,구매 후기,종아리 마사지기,ok
2026-06-07T13:17:16+09:00,daum,daum_search,daum_html,Zespa,제스파 종아리 마사지기,매일경제,개별문서메뉴 톡으로 바로 공유 공유하기 3 안마의자·갤럭시폰· 마사지기 ...액티브 시니어 축제 방문해 푸짐한 경품 받아 가세요 제공할 예정이다. 당첨 경품은 △1등 제스파 리클라이너 겸 안마의자 1명 △2등 제스파 손 마사지기 1명 △3등 제스파 눈안마기 1명 △4등 제스파 종아리 마사지기 2명 △5등 제스파 목어깨찜질팩 5명이다. 스탬프투어 이벤트에 참가하기 위해선 28~29일간 행사장 내... 2025.10.20,https://v.daum.net/channel/7/home,,,,neutral,기타,종아리 마사지기,ok
2026-06-07T13:17:16+09:00,daum,daum_search,daum_html,Zespa,제스파 종아리 마사지기,중앙SUNDAY,"개별문서메뉴 톡으로 바로 공유 공유하기 제스파 , 신개념 종아리 발 마사지기 '더툴400 에어슈' 출시 제스파 , 신개념 종아리 발 마사지기 '더툴400 에어슈' 출시 생활가전 전문 브랜드 제스파 가 신개념 종아리 발 마사지기 ‘에어슈’를 공식 출시했다. 이 제품은 기존 종아리 마사지기 가 종아리 마사지에 집중한 반면, 에어슈의 경우 종아리 뿐 아니라 발까지 한번에 마사지... 2024.07.03",https://v.daum.net/channel/3437/home,,,,neutral,기타,발마사지기,ok
2026-06-07T13:17:16+09:00,daum,daum_search,daum_html,Zespa,제스파 안마기 추천,동행미디어 시대,"개별문서메뉴 톡으로 바로 공유 공유하기 위메프, '2021 설'..건강식품부터 가전까지 선물세트 최대 40% 할인 쿠폰 최대 20%를 제공한다. 중복 사용이 가능해 선물세트 구매 시 최대 40%까지 할인 받을 수 있다. 주요 상품은 △ 제스파 설 선물 추천 안마기 모음 △아침이슬사과 경북 명품 선물세트 3kg △한우구이 선물세트 1.2kg(등심500g+채끝500g+특수200g) △옛사랑한과... 2021.01.25",https://v.daum.net/channel/157/home,,,,positive,추천 요청,마사지건,ok
2026-06-07T13:17:16+09:00,daum,daum_search,daum_html,Zespa,제스파 안마기 추천,파이낸셜뉴스,"개별문서메뉴 톡으로 바로 공유 공유하기 쿠팡, 명절후유증 극복 상품 추천 .. 안마기 , 족욕기, 호텔패키지 등 소셜커머스 쿠팡은 명절 후유증 극복을 위해 안마기 , 족욕기, 호텔패키지 등의 상품을 내놨다고 12일 밝혔다. 판매할 때마다 1000개...진동 및 적외선 기능으로 마사지 효과를 한층 높인 ' 제스파 발조아 족탕기'를 44% 할인된 4만9800원에 선보이며, 족욕과 좌훈을... 2014.09.12",https://v.daum.net/channel/139/home,,,,positive,추천 요청,가격/가성비,ok
2026-06-07T13:17:16+09:00,daum,daum_search,daum_html,Zespa,제스파 안마기 추천,뉴스1,"개별문서메뉴 톡으로 바로 공유 공유하기 위메프, 1일부터 9월 위메프데이…가을 상품 최대 33% 할인 포함해 최대 33% 할인을 준비했다. 슈퍼위메프데이에선 MD 추천 초특가 상품을 선보인다. 대표상품은 △팸퍼스 에어차차 기저귀...상품을 7일간 총 364개 선보인다. 주요 상품은 △ 제스파 파워릴렉스 안마기 △홍로사과 △탑텐 에코 소프트 긴팔티 등이다. 9월4일엔... 2023.08.31",https://v.daum.net/channel/396/home,,,,positive,추천 요청,온열/공기압,ok
2026-06-07T13:17:16+09:00,daum,daum_search,daum_html,Zespa,제스파 고장,프레시안,"언론사 픽 개별문서메뉴 톡으로 바로 공유 공유하기 이정식 고용노동부 장관에게 일대일 토론을 제안합니다 저는 고장 난 라디오가 된 것처럼 몇 번이고 되풀이해 답할 수밖에 없습니다. ""하청노동자 저임금 구조는 전혀 개선되지 않아서 지금도 20~30년 일한 숙련노동자가 하나둘 조선소를 떠나고 있고, 고용구조는 오히려 악화되어서 상용직 하청노동자는 줄어들고 다단계... 2023.11.20",https://v.daum.net/channel/12/home,,,,negative,AS/고장 불만,AS/고장/내구성,ok
2026-06-07T13:17:16+09:00,daum,daum_search,daum_html,Zespa,제스파 고장,한경비즈니스,"개별문서메뉴 톡으로 바로 공유 공유하기 8 2022 고객만족브랜드대상 (1) 특징이다. 제스파 관계자는 “누워넥을 통해 소비자가 올바른 자세를 유지하고 뭉친 근육을 효과적으로 풀 수 있도록 기여한 결과 2년 연속 수상을 달성했다”고 전했다. 대박여행, 합리적인 가격의 맞춤형 여행상품 대박여행이 6일 ‘2022 고객만족브랜드대상’에서... 2022.12.06",https://v.daum.net/channel/77/home,,,,mixed,AS/고장 불만,AS/고장/내구성,ok
2026-06-07T13:17:16+09:00,daum,daum_search,daum_html,Zespa,제스파 고장,머니투데이,"개별문서메뉴 톡으로 바로 공유 공유하기 2 귀성·귀경길 스트레스, 피할 수 없다면 즐겁고 편하게~ 제격이다. KC인증(국가통합인증마크)으로 과부하나 기기 고장 등의 걱정 없이 안전하게 사용할 수 있다. ◇차 안을 내 집처럼, 편안...이때는 차량 안에서 간편하게 안마를 받을 수 있는 휴대용 안마기 ' 제스파 킹파워 릴렉스 안마기'를 이용하면 좋다. 제스파 ... 2015.02.18",https://v.daum.net/channel/5/home,,,,mixed,AS/고장 불만,AS/고장/내구성,ok
2026-06-07T13:17:16+09:00,daum,daum_search,daum_html,Zespa,제스파 AS,매일경제,"개별문서메뉴 톡으로 바로 공유 공유하기 롯데하이마트 '전동쎄' 혼수가전 할인· AS 5년 무상 제공 … 역대급 혜택 쏟아진다 구매 시 AS 5년 연장 보증 서비스를 제공한다. 또한 LG전자 '오브제컬렉션 퓨리케어', 삼성전자 '블루스카이 5500' 등 공기청정기...맞춰 롯데하이마트는 코지마 '더블모션' '마일드', 제스파 '엘라가르' '포레체', 세라젬 '마스터 V9' '파우제 M8' 등 안마의자 행사... 2025.04.16",https://v.daum.net/channel/7/home,,,,negative,AS/고장 불만,안마의자,ok
2026-06-07T13:17:16+09:00,daum,daum_search,daum_html,Zespa,제스파 AS,데일리안,"개별문서메뉴 톡으로 바로 공유 공유하기 롯데하이마트, '가정의 달 패밀리 세일'…게임·효도 가전 등 할인 선물하기 좋은 안마기기, 생활가전도 행사상품 구매 시 5년 AS 보증보험서비스, 동시구매 할인 등 다양한 혜택을 증정한다. 특히 안마...바디프랜드 안마의자 ‘팔콘 SV’, 세라젬 '마스터 V9', 제스파 '소노디아' 등이 있다. 또한 롯데하이마트는 5월에도 '다품목... 2025.05.02",https://v.daum.net/channel/43/home,,,,mixed,AS/고장 불만,목/어깨 마사지기,ok
2026-06-07T13:17:16+09:00,daum,daum_search,daum_html,Zespa,제스파 AS,헤럴드경제,"개별문서메뉴 톡으로 바로 공유 공유하기 롯데하이마트 “4월 ‘전동쎄’ 최대 810만원 절약기회” 큐브에어’, 쿠쿠전자 ‘인스퓨어’ 등 구매 시 애프터서비스( AS ) 5년 연장보증보험 서비스를 제공한다. 안마기기, 멀티 쿠커 등 생활...있다. 롯데하이마트는 코지마 ‘더블모션’ ‘뉴에라’, 제스파 ‘엘라가르’ ‘포레체’, 세라젬 ‘마스터 V9’ ‘파우제 M8... 2025.04.03",https://v.daum.net/channel/19/home,,,,negative,AS/고장 불만,온열/공기압,ok
2026-06-07T13:17:16+09:00,daum,daum_search,daum_html,Zespa,Zespa massager,어학사전 새창,,http://dic.daum.net/search.do?q=Zespa+massager,,,,negative,AS/고장 불만,AS/고장/내구성,ok
2026-06-07T13:17:16+09:00,search,daum_search,daum_html,Zespa,Zespa massager,지도 새창,,https://map.kakao.com/?from=total&nil_suggest=btn&tab=place&q=Zespa+massager,,,,negative,AS/고장 불만,AS/고장/내구성,ok
2026-06-07T13:17:16+09:00,daum,daum_search,daum_html,Zespa,Zespa massager,백과사전 새창,,https://100.daum.net/search/entry?q=Zespa+massager,,,,negative,AS/고장 불만,AS/고장/내구성,ok
2026-06-07T13:17:16+09:00,daum,daum_search,daum_html,Bodyfriend,바디프렌드 후기,베이비뉴스,"개별문서메뉴 톡으로 바로 공유 공유하기 4 [가전 트렌드] 바디프랜드 , 헬스케어로봇 팔 마사지부 정렬 제어 기술 특허 획득 外 한편 바디프랜드 는 2026년 4월 말 기준 국내외 특허·실용신안·디자인 등 총 2306건을 출원했으며, 이 가운데 1132건을 등록·보유하고 있다. 또 업계 최고 수준의 지식재산 경쟁력을 인정받아 2025 기업지식재산대상에서 지식재산처장상을 수상했다. ◇ LG전자... 2026.05.14",https://v.daum.net/channel/250/home,,,,neutral,구매 후기,마사지건,ok
2026-06-07T13:17:16+09:00,daum,daum_search,daum_html,Bodyfriend,바디프렌드 후기,한겨레,개별문서메뉴 톡으로 바로 공유 공유하기 3 “부족한 ‘오행’ 채워드려요”…유통가 휩쓰는 ‘사주·무속’ 마케팅 찬 후 협업 제안이 늘었다”거나 “돈이 들어온다”는 광고와 후기 가 올라온다. ‘길운오행염주’를 판매하는 풍수 소품 브랜드...정통사주·신년운세·연애운·사주궁합 등을 체험하게 했다. 바디프랜드 는 지난달 말 서울 코엑스에서 ‘웨어러블 인공지능(AI) 헬스... 2026.03.04,https://v.daum.net/channel/17/home,,,,neutral,바이럴/광고 의심,기타,ok
2026-06-07T13:17:16+09:00,search,daum_search,daum_html,Bodyfriend,바디프랜드 AS,구매 50+,"[N포인트 10만] 바디 프랜드 팔콘N 안마의자 헬스케어로봇 AS 5년 4,600,000원 5% 4,370,000 원 무료 바디프랜드 공식 평점 4.89 리뷰 56",https://ader.naver.com/v1/ndbk1ZqiYPII1DdXRorZSHjrDTc-a8GlLXC7SLylo9l71vCRZMP_xYkSPtq88AN15fwIKuE4SzsHLv742FWk2UuP3rj6I-t4N_8hl3RYvpsm0GeP9WU6OrE-Oqn7bx-82njOR-5zgnmEa1Y1V7Q-CcnHPNA_uOrGedyUk_gOKXi5njIEqY2JjQGpaxCTeOHsfUYmP1w5o1aF5V7S3pt5_5PDtljZLldJrKWknyr35upg9AT4NTml_VZHMPDgiavugy83Qa0IKrE29MjgIaYB9Q7pfdhFD_d9T0JtYeIHvbb-JtNKYCwvt-DCu6yMN_pD?c=daum.ch4&NaPm=1,,,,negative,AS/고장 불만,안마의자,ok
2026-06-07T13:17:16+09:00,search,daum_search,daum_html,Bodyfriend,바디프랜드 AS,구매 200+,"[N포인트 10만] 바디 프랜드 팔콘i 안마의자 헬스케어로봇 AS 5년 2,970,000원 10% 2,670,000 원 무료 바디프랜드 공식 평점 4.84 리뷰 422",https://ader.naver.com/v1/ndbk1ZqiYPII1DdXRorZSHjrDTc-a8GlLXC7SLylo9l71vCRZMP_xYkSPtq88AN15fwIKuE4SzsHLv742FWk2UuP3rj6I-t4N_8hl3RYvpt7iE1yi9OyoltE1cT0-Ra0dDR_6iwgNE7glzNRFxnVU6Tbyc6RlsGWuvpbQO-e55G1aGuEHfNUWGcItvPXHQqdGW_AavgoJ2Cggcbhe3NrCl6Xmk3kHXZS9DP_m09yvfcTk3EstPUV-oBctzxa9_EAUd4eddTPPHdKa8Qf5Pk5-YL2e3xaz7BIttrUb-ELkTyN5YcHOT7w26dg18f7vsB-?c=daum.ch4&NaPm=1,,,,negative,AS/고장 불만,안마의자,ok
2026-06-07T13:17:16+09:00,search,daum_search,daum_html,Bodyfriend,바디프랜드 AS,구매 140+,"[N포인트 10만] 바디 프랜드 카릭스로봇 안마의자 헬스케어로봇 AS 5년 2,700,000원 1% 2,670,000 원 무료 바디프랜드 공식 평점 4.86 리뷰 138",https://ader.naver.com/v1/ndbk1ZqiYPII1DdXRorZSHjrDTc-a8GlLXC7SLylo9l71vCRZMP_xYkSPtq88AN15fwIKuE4SzsHLv742FWk2UuP3rj6I-t4N_8hl3RYvpve0w13V81KyKOh9nLLFdvL6ngA5QhQ68tnnFPtUlC5tYUW4upxEC9LcRmr_3eC7tzJJml_mDqbxfJMEhf_akyjAiZj5_ywEjEH3ymPPB84_5mtgkQikwFT5cA4hXkkmpIyzD1B1UjpQu3Em2grqnHpkeC4CQkfdKgZNzTJ3Dgf87BXyTMPF9bBlOx1IoQGF5lfpGFeiiTJP0bHqTMwrXi7?c=daum.ch4&NaPm=1,,,,negative,AS/고장 불만,안마의자,ok
2026-06-07T13:17:16+09:00,daum,daum_search,daum_html,Bodyfriend,바디프렌드 팔콘 후기,베이비뉴스,"개별문서메뉴 톡으로 바로 공유 공유하기 6 [가전 트렌드] 음식물처리기 수요 확대… 1인 가구 92.6% “구매 의향” 外 실사용 후기 (70.5%), 관리 편의성(43.0%), 디자인 및 공간 활용성(38.1%) 등이 꼽혔다. 특히 1인 가구는 가격과 실제 사용 경험을 중심으로 제품을 비교하는 경향이 뚜렷한 것으로 분석됐다. '1인 가구용 음식물처리기 구입 의향'에 대해서는 전체 응답자의 98... 2026.04.24",https://v.daum.net/channel/250/home,,,,neutral,비교 질문,안마의자,ok
2026-06-07T13:17:16+09:00,daum,daum_search,daum_html,Bodyfriend,바디프렌드 팔콘 후기,에스티엔,"개별문서메뉴 톡으로 바로 공유 공유하기 ""설에도 멈추지 않는 건강 경영""... 바디프랜드 , 스포츠 ESG로 브랜드 가치 높인다 수 있도록 했다. 최근 출시된 메디컬 팬텀로보, 다빈치 AI, 팔콘 2026을 비롯해 퀀텀 뷰티캡슐, 에덴로보 등 다양한 헬스케어로봇을...상당의 혜택이 적용된다. 일부 제품 구매 고객에게는 구매 후기 작성 시 적외선 온열기를 증정한다. 단순 할인에 그치지 않고... 2026.02.14",https://v.daum.net/channel/285/home,,,,neutral,구매 후기,안마의자,ok
2026-06-07T13:17:16+09:00,daum,daum_search,daum_html,Bodyfriend,바디프렌드 팔콘 후기,대한경제,"개별문서메뉴 톡으로 바로 공유 공유하기 [Wellness Appliances] 바디프랜드 라운지, 설 연휴도 정상 영업 공간을 제공한다. 최근 출시된 메디컬 팬텀로보, 다빈치 AI, 팔콘 2026은 물론 퀀텀 뷰티캡슐, 에덴로보 등 다양한 헬스케어로봇이...원 상당의 역대급 혜택을 받을 수 있다. 일부 제품에 한해 구매 후기 를 남기는 고객에게는 따뜻하게 건강관리를 할 수 있는 적외선... 2026.02.13 베이비뉴스 2026.02.13 바디프랜드 라운지, 설 연휴에도 정상 영업 전자신문 2026.02.14 바디프랜드 라운지, 설 연휴에도 정상 영업 시사위크 2026.02.13 바디프랜드 라운지, 설 연휴에도 정상 영업 더보기 이전 컨텐츠보기 다음 컨텐츠보기",https://v.daum.net/channel/552780/home,,,,neutral,구매 후기,안마의자,ok
2026-06-07T13:17:16+09:00,search,daum_search,daum_html,Bodyfriend,바디프렌드 안마의자 추천,구매 10+,"[N포인트 10만] 바디프랜드 의료기기 메디컬파라오 2026 6,900,000원 0% 6,870,000 원 무료 바디프랜드 공식 평점 4.96 리뷰 48",https://ader.naver.com/v1/ndbk1ZqiYPII1DdXRorZSODwWp68fg3SNniTTHAZHblCbD9sJ1rf3EMF3uVqGBjaAjrT6RlZvEfZ_uTvqrmEapEATLgm-6MJzBXdixT6VqqG7w7np_3cMCmxJxmGhfUFFxCf4orW6tHIPOnJDjPgRi4jq1wrSncEgcondbXemHFPE8URiAfya2-zr3OLjclQ_dC4kGYWnsmDk88j5aN7XlcSa2SpfAlPOsMIAyJkB5Bsl3zSAG1Hrz9jhLqdokKIXaXTNhEYHoN5xgxexnMGJrkzwAMq7KlX8VDB_NUGzH7TmGaNVARJpRiWn3xyrYnF3nUv1nYF0N05R2DTB8saKA==?c=daum.ch4&NaPm=1,,,,positive,추천 요청,안마의자,ok
2026-06-07T13:17:16+09:00,search,daum_search,daum_html,Bodyfriend,바디프렌드 안마의자 추천,구매 10+,"[N포인트 10만] 바디프랜드 의료기기 메디컬팬텀로봇 5,900,000원 0% 5,870,000 원 무료 바디프랜드 공식 평점 4.83 리뷰 6",https://ader.naver.com/v1/ndbk1ZqiYPII1DdXRorZSODwWp68fg3SNniTTHAZHblCbD9sJ1rf3EMF3uVqGBjaAjrT6RlZvEfZ_uTvqrmEapEATLgm-6MJzBXdixT6VqpSu424gIE3ReyI2bsZ4MUnrOYE0rKZxl18-5ytD-Zu5AUralF7qaGTmG3Nn_eYv77r-iLc_nV_GAeknt2G4NCJWURDNuqMYwywANozN-02jRlVA-cezdScDWmEBLX3k5Ql_tD_wtE4O626Lz_-6Evc2wDB9j-vb8GBdshzb74tWm4hsYhiU8Nl5dMEQ5tvD7JNWH1nLLVBigM8piBCgwpcj4ApB-1DUxeKw71P2AKgMg==?c=daum.ch4&NaPm=1,,,,positive,추천 요청,안마의자,ok
2026-06-07T13:17:16+09:00,search,daum_search,daum_html,Bodyfriend,바디프렌드 안마의자 추천,구매 50+,"[N포인트 10만] 바디프랜드 팔콘N 안마 의자 헬스케어로봇 AS 5년 4,600,000원 5% 4,370,000 원 무료 바디프랜드 공식 평점 4.89 리뷰 56",https://ader.naver.com/v1/ndbk1ZqiYPII1DdXRorZSODwWp68fg3SNniTTHAZHblCbD9sJ1rf3EMF3uVqGBjaAjrT6RlZvEfZ_uTvqrmEapEATLgm-6MJzBXdixT6VqrEgw405MXS3RI2DsEUuUIfDdPDbNYMxeDcr8-EpKHiLY9vMZ41AknO7zglZhN7R36q7MXc3hB7NWAyZ8PYEuqendwXkOOlmMVswd2j8B6VAkEVXn02SK_JEu6S9fxv_czykox75mIv2hpuKJXv_L8dQznpvpkmSxcR51C2xg8P1LELCNs7c4tUY0fTBj_VDhL-ANZFz3P7bok2h3vb65I4w0x1JyC-iqK6X56OWqjObw==?c=daum.ch4&NaPm=1,,,,mixed,AS/고장 불만,안마의자,ok
2026-06-07T13:17:16+09:00,daum,daum_search,daum_html,Bodyfriend,Bodyfriend massage chair,매일경제,"개별문서메뉴 톡으로 바로 공유 공유하기 Bodyfriend teams up with KBO to launch baseball-themed products strong synergy with healthcare,” said an official from Bodyfriend . “We hope baseball fans can relieve muscle tension and...with various industries, including launching a massage chair in partnership with Lamborghini. That limited-edition product... 2026.04.30",https://v.daum.net/channel/7/home,,,,negative,AS/고장 불만,안마의자,ok
2026-06-07T13:17:16+09:00,daum,daum_search,daum_html,Bodyfriend,Bodyfriend massage chair,코리아헤럴드,"개별문서메뉴 톡으로 바로 공유 공유하기 Bodyfriend launches massage chair with body composition analyzer Davinci at a press event held in Seoul on Thursday. (Yonhap) South Korea’s leading massage chair maker Bodyfriend on Thursday launched a new massage chair , called Davinci, which analyzes users’ body composition and offers more customized massage ... 2023.06.22",https://v.daum.net/channel/22/home,,,,negative,AS/고장 불만,안마의자,ok
2026-06-07T13:17:16+09:00,search,daum_search,daum_html,Category,부모님 마사지기 추천,구매 240+,"동국제약 센시안 무선 목 어깨 마사지기 (DKP-C001) + 센시안 핫앤쿨 바디 테라피겔 100ml / 승모근 거북목 일자목 온열 안마기 부모님 효도선물 149,000원 39% 90,000 원 무료 동국제약 생활건강 공식 N Pay+ 평점 4.77 리뷰 221",https://ader.naver.com/v1/kix2m9x4Xei0mx5x6o4f6CXQneCRefsWeWDNEO0_2e-hGPYONInB0cxbrtQb9K-2sUfypLd7PYMC8UQp55Nv9lVqBMLjfnUzHmLU4uqQfVTWaQeBbS2mYBpA66BdWerKyTHwffE_LE-IE_q3b6DN2aOZBwqT1TgF39uCTmOqNE0d2VG2KdF7sWytShmSeBuoXCseKtuQL4KLJiODvR8DKTT5O2bMLHzH27vO-994Oc0ls_mrgP1QDndJ550e6nUVWcKK2wCOBUncxLzUt0liYmtxCr116KDzc8CuMVq4xQED4SA5FLNKYQ6uAbQg9NjSjvM-ThHTwhD2Lj-4-FAH2B-14fuvmiIi5c71XAkIRxJy89vDf0_GOVFOuc9NbPKD34k4IE32jdYYtAWnKVXFZKuIOE1MUAYa7YBsFQnz92m0pW-IoaMv2Tx3U40pnuLarM4wC3p0fIX_ohvimk1L35cDgEF_4_VhGZUH9ZdRZX27NlLZPhQejGmdAaPxFAjgHYwQ8hQq3lFkcVkoCNIVMUsjv47kgOEONY7tV6oq-uT57YZAifwKKc8wzu_5cSWF?c=daum.ch4&t=0,,,,positive,추천 요청,목/어깨 마사지기,ok
2026-06-07T13:17:16+09:00,search,daum_search,daum_html,Category,부모님 마사지기 추천,구매 470+,"비타그램 의자 안마기 전신 의자형 안마의자 부모님 선물 에어롤렉스 브라운 299,000원 33% 199,000 원 무료 비타그램 공식몰 공식 N Pay+ 평점 4.7 리뷰 999+",https://ader.naver.com/v1/UBuWT8xT8riJkYd9t99zSnl7ZOSU8LsQaayHx3DwpUB2eoRxNKTSo9WES4mMY5jZYXCUeJagCxz4s3MYvm29Chi_iGXkLI7ZH69ZpKjLPLfN0r-ZDq5si86-gYnG2lPJOZnKTHUUHtY-98YWhx3xUnanKkRv2cWpj9onLvKeDDLJlvhv1i-vapO_9Rn20dZNILzrYpXuHMGeChQ4uYPG6d-AgtMHUoRCjYRjRaikeQG9f9JGyd4I7vAd4qPnmTdQgZzXEQ9q1YQbCk6l-Wb-aUe2bDXQ0szvKGMABX68NiWHm_DAJaq5DEpQlzorwRH1uCi75fsbJ2sxVnGUFcnuTOOcf8nbTvTp_c7pOFLXYjU5O-ECCMC0VWVazwIPp4BYmmDZjGSQvfajCIA4TySSC8psMUzPxsKmaDrn0qrc8JecWKtup8QxqAzCKcuSplCnIih2ZTgPvrXqL0uWycInLf1ld3tZ1fnU4Ufa1tOFsh6x13hrYIIq8MP7yweHHtQ61dUADj9xf2yT-0btu4FodPkFep1halwfJPi1b4-4vb8=?c=daum.ch4&t=0,,,,positive,추천 요청,안마의자,ok
2026-06-07T13:17:16+09:00,search,daum_search,daum_html,Category,부모님 마사지기 추천,구매 40+,"설날 여행/선물 한경희 효도 부모님 선물 저주파 마사지기 모음전 49,000원 39% 29,800 원 무료 A to Z 스토어 N Pay+ 평점 4.65 리뷰 72",https://ader.naver.com/v1/80_xXNBRadmrkaqdAJlTVoe26n5tma-6VSN6QstxHcA2aptLOgkOwp_gfS81dbZaINkttNIAPXyrxxfv20UA3elGol265gd1zNq-jln05Bny0WSITAZFk51OnpMfyY0SxdzKWClry3cmNY18sNyF1vhHa92Z3mIXSb-Nj7fdBr5Ft72s4DWDv7u5_qHsq1uFvUP6MlYJl5hc51obtCi9jVF2K8r73lHV1vZnArOoi8q088VvcwVp8U2I2kSAcgemmTQvfH13jR9c8McgUIXuHLb6Gmwhy3_CIuAvGLwXQlSNeM3V7lXrSY6goQwZsXIdKC7uHWRIM4-k7F6Zr3u0cTCeiPaHQl2-d8M7d0D0obw=?c=daum.ch4&t=0,,,,positive,추천 요청,부모님 선물,ok
2026-06-07T13:17:16+09:00,search,daum_search,daum_html,Category,발마사지기 추천,구매 1천+,"풀리오 발 마사지기 379,000원 36% 239,000 원 무료 풀리오 공식 N Pay+ 평점 4.78 리뷰 999+",https://ader.naver.com/v1/OVUpyQztLttnxzKrELkYdQN9AhUOgS0MMjPcIoOU36GbwP-nDZ61XrFMGLJC2xq5MGKfEE2dh4dh4YAz_7WTs60pWEy46dZVxRRuw8Rw0xoWD_TUBAnTlUYBLjUMb7jmWgNKQZXP2A6FlXX63v2jmFj6QxUSEl7B1AXAgFhioF71jnJyg8ej250QlWaBIlcSyMlnwjx5Br5AGfHjz-iCpJCB68V1Vs2jVUpkJLXPmlxRGLwynAndFQ9-VpcVGdd57RwsSpydjmSD1rDMzGmk6jVihiSDSDtv9d1KVG5STMun__odbeuJoknal2jbffo_C3-OuwwRCx_SXAGGs8qFsL3yxhAV9F2V-jB9EibjCR98ba8yx3nlLUf1_KQfJNJZGd4cmaT2BUUIZ9a5LCBsEzt0jdX48H_8Wy_7MjyIEBcK4i6UBLot87ksh_3EouZ7qfwvuQ1lUrrrQ2a6FKXZk_jUIJJ0U7StEN7a2y6DGvs_gA38RfZ28IFOamVqa3R6f9qaLjd7G_xPawPjHjql96BxvoXeqY-yGsvc_Axy5-g=?c=daum.ch4&t=0,,,,positive,추천 요청,발마사지기,ok
2026-06-07T13:17:16+09:00,search,daum_search,daum_html,Category,발마사지기 추천,구매 650+,"코지마 리에너 다리 마사지기 CML-102WL 299,000원 46% 159,000 원 무료 코지마 공식 N Pay+ 평점 4.81 리뷰 999+",https://ader.naver.com/v1/8EydTTBy8NAe8nYNWJyGJo4HTK_I2lxjJ4WPvZJ-QjVjefjyl4u-RjcNhMxfCWRfDgR_5nToDIxj1HVB5F5iwmIwYWbFfuqrFEFgDsbXHd_4WaF2Jc_V52oduFGkSh1jBoSs5ImoylQpCuPNS18v1jhUa66pTyMeyQAotd0ONP_sBf1NXHT9UD9I7xUlOR1Seg9dOxoqFO2ddLIT9XJTup4NyOhoB6q0QAMgyuhYzTfdv9T_phL8lgT_LyggsZNBL5sRsDlm6JIIQNVdndznzIMUKfD-rA-cWtnbDeCWS50nTt9Bjzlg4qwwu3bBVNwA3pU5iHaLURydZJIVUSChyI-OW1Tem7grDeU4XPaQexs=?c=daum.ch4&t=0,,,,positive,추천 요청,발마사지기,ok
2026-06-07T13:17:16+09:00,search,daum_search,daum_html,Category,발마사지기 추천,구매 350+,"닥터웰 종아리 공기압 마사지기 발 안마기 에어라이너 HDW-5000 본체+다리 198,000원 26% 146,000 원 무료 닥터웰 공식 N Pay+ 평점 4.75 리뷰 999+",https://ader.naver.com/v1/OFQMKdvu1CfKuQvyotybDy0B_U1GpIbFjmhFjSS66StknCkH1Li4HK30lQi6I6ykaoNTRACgT0Av-T6EXW4xsUTEluputgfm-eEeZ14KWWEX3yLu0A7VBWdNp7vq9L1uvfthoTzx7nYf5ah-T61Br7PZZyKHLCVJNnj2y8lNg66IRzprMMhk0ZapkGwLUy_96J6mc10mAXQappn4vKe9JOpHBukW9-IFhwa-9SuHD4QyI38nzqo9mhg2gP4ISD9Kcv07EvP0zLS7Hg_LeHioZLMrQQ79_5cQ0WsnJAGY8SLvmWX5b1AugIddCbJla6N36Yc5EdM-H3Qiw0ng1kjxiJj5ffxPk6VpTWj8KZnBhakYN6S6cYQqeneejrCBl59Biunye2UaUTFW97yELBAugtag73S_XDKSnnl6sBo2-hp3Qr-K917GWxAYlloa9OKMr7E1MYIHqmP6etjOhNFKNXo4gQ-YwaY_rxfpZolq2IHz6bTaOnVC8DuYOED-VcNSfSTUJ2NmK7te-druX8DlBYxMfvCA4phX0xhM_Ucy5HJDbRrHQSvR3gSYgC6rWkwqNDXBiNwrFq28Hd4pbmbt8AN1Ahly3auIMOg4jmaKkt10qJsvOIOFHvaClxoSnj6utQ1b_-44bL2vDIjvvYM1JJWJxRRZ1TEde_QBC7PR4Sc=?c=daum.ch4&t=0,,,,positive,추천 요청,발마사지기,ok
2026-06-07T13:17:16+09:00,search,daum_search,daum_html,Category,종아리 마사지기 추천,구매 650+,"코지마 종아리 마사지기 리에너 CML-102WL 299,000원 46% 159,000 원 무료 코지마 공식 N Pay+ 평점 4.81 리뷰 999+",https://ader.naver.com/v1/xjPUj7oR7MhmbAjP7M-rQbT1ladN4Aj6lDuphCwcLhaTyELO--0Y7gsufmSWR5aGmp9Fa3ySiL8P57Ykgy74SRj-OE5NzyZQ2ArTwUVwkNFx9Uu3QIom6a96u95krLmszNHYHxiwQVjEpUsWtvt9oQ91mf_KkglS_NWWkTapcDbB-WdAhx16YcPdVgTsaRZ4nRiekHvtm6ekUE4biw7ys8YPBClN8zbicCNWOS6e-7GkdpIOaBQ1XyJcg5en9bfukvWZWdMrE5dX3U2lb-zeJNtbL7gkIY4u1nHE-Ll17V9ozayfh-A36ePbiSiBUmvhqONaNhHIY-1XGj65dpinw96wXjiEGojQSKjxHeO4LHo=?c=daum.ch4&t=0,,,,positive,추천 요청,종아리 마사지기,ok
2026-06-07T13:17:16+09:00,search,daum_search,daum_html,Category,종아리 마사지기 추천,구매 350+,"닥터웰 종아리 공기압 마사지기 발 안마기 에어라이너 HDW-5000 본체+다리 198,000원 26% 146,000 원 무료 닥터웰 공식 N Pay+ 평점 4.75 리뷰 999+",https://ader.naver.com/v1/OOLXLQF1JpT8mRxZrGJ1DPnvXlWxTKY7ITezU4lBomxDOJGhtIqn0q3uVI5rxI_p6Y-XX2l8yifn0UEthZp2_Rcd49zPj4s_zsDzYw-ndrBPRN7oUwvhOfZVm2Oa0CfKsNqu1JLsFHjKWAjdYxc8yhvjcit1Rz6cUsGAnfWI1mEMyxZ2OeGEMgYoJF3vEZA8JE5j3kitAli-mbF4Z-hl0k_7dSa0QTypkdjTvkPGY6Q52eHxdOV4b97nU1rKyjgXojlHLKG_kMhtSBAhZPQTTcKlL8joXpjiCaY63CfP7cGGHoogxKP8_JBVrBnwIe66sz2-8mN62L8UCZ_aBv3zK68sSV2eRCwspi3VSxbF65x6qvCgpUQ1RdwQ4LbmYuXsJBKTijfrnFs71fJWKZtZ1aQvMrdPIhL4xLqWrJfn8kR_pyefReIXVDUL3tnV3SgDzOEY165AGsl-YqDvbrld6cbIJ89wiRqR_YiOF01IzdI_VM5N6CYEgommVVTu_zczWAtmBZHNBu2Kr97rTgXrPPytcH5sB_y6pK2FFHz0yKr1GeUBsQTdLifCN9R454ioDrVi2SxrmfRC07zuQwiVi44CqXjEZ-qPbc8DFWd3h7FM6gCFYrqhvJNoMHL6SBB4B2f9b0Z03PyWPGR05vU1pAVb6h9nIQDtDC9U_R-O9Vl1ZKiAWzMFP7b4Dy-BJORv?c=daum.ch4&t=0,,,,positive,추천 요청,종아리 마사지기,ok
2026-06-07T13:17:16+09:00,search,daum_search,daum_html,Category,종아리 마사지기 추천,구매 450+,"비타그램 미니 종아리 다리 붓기 부종 마사지기 75,900원 47% 39,900 원 무료 비타그램 공식몰 공식 N Pay+ 평점 4.74 리뷰 999+",https://ader.naver.com/v1/eypA9KK2kGcmCMWpQWtP0YjS4u5vPKx_wM0XHxx1smVSivFS8SCxinxJV3kNhkNoPIuectH_QE3yjBPjPxSarVicm8p1t7cvH4enOliUDaq2Hcf-h16L9GNIv5_E2kDwmh3y3sdfzOD-5UdNwlG-Rp36FRZUoDTu8GmcsT6oUjhThgw9LwoXVng7MWV1eoO-h9AkuCtQyaIqNfUiq8FNeKjEJ8wnGiquBdmlWco0ISdRMVNU2v0z8jqaH3ZSJfyJwwfXT3iQlgdZaHNBvHpYQEeVV85dD7UC_ox1mdTsl_msuiHMz_CObgHkTAJySTrCSQ1TnfVwDe7J4iWjlG84U1oR5XpiCYAT8n3xmvcRhMlFnW2YKbMa_yWoyFONowRxs01iao39dF9ZqbxUKDHX_L1aehNKAwQfP5hPspAQsUnvUSnJ9e-sbOKUgxK-QnnkqBrZTNK0GRmIYYWZqVz0pJPiryYBVn-LGqTA8HHxSxKw8pnU_la_KiXcqjM2SRDTY_Ys5G9NkCgxBmTCt7nqFUylHcGMODgLJAmYbggzxcc=?c=daum.ch4&t=0,,,,positive,추천 요청,종아리 마사지기,ok
2026-06-07T13:17:16+09:00,search,daum_search,daum_html,Category,안마의자 추천,구매 260+,"[N포인트 20만] 바디프랜드 카릭스로봇 안마 의자 헬스케어로봇 의무60 직접관리 추가비X 49,000원 5% 46,500 원 무료 바디프랜드 공식 N Pay+ 평점 4.89 리뷰 295",https://ader.naver.com/v1/gAFvbNDEFvN2Uuq8FAEqJc4jpT6C42iU0WSrjm9XRyjr1ugYgJyTTtYL0NZ0Tr4u0hiVEhxlDpBBZ7FW3DZBJikxfVievHh294ihljQjzMibtKY51yjKlY-RNX_8NVyWOIvnmxcYKktfuGCyKeCwSyatLuVQmihPOcMdqtuNDXAAzXS9Hww2sSxUxvJLaCB4iTQ245UMZ-OzXDrPwMU5WQ8a9dg3VzIwP9Fbo0bjSGrngt4ly8GEybn6icZODBF8pkf-I7h34Fhh947OqOqyvNJQxGLT7d01y-p82v955HLM_bhzNFiaX7WS42jDGbLj5Th38ZmYtqc7p9ZU3rakYbjI_imc9UTISB_nLqvtq7Y=?c=daum.ch4&t=0,,,,positive,추천 요청,안마의자,ok
2026-06-07T13:17:16+09:00,search,daum_search,daum_html,Category,안마의자 추천,구매 420+,"[N포인트 30만] 바디프랜드 뉴팔콘 안마 의자 헬스케어로봇 의무60 직접관리 추가비X 65,000원 4% 62,000 원 무료 바디프랜드 공식 N Pay+ 평점 4.91 리뷰 298",https://ader.naver.com/v1/yfKRcNGBIWKey_qM7sUEVbYvGssJfNcxwx00OB3I_ImsVVAXWo0BSlwP4kcn2CWM3M0w1NkXbrd3IomuB7zYGzIQmxUQsFt9LhbnoyDJ9DW37QEtPTiwHsadoX7zoX8cVM1GmvC8Sr23P_9d-s4PYDxv-Ea0VDYwI54fq8pGKXoSdjKFh4JOp_nCcDbaAyOVUzMk2VbHZb-YP7gDVal6G45KpQOK9JRlBl4KCtxD8NrvQ7OeE8mBq8ycW8DkyoZVuH4xzYtPXFQ21n0I01n2b8X0qKNSCwL34IqezbTg8mTELAsQD8UyKwrahZdEQyaj5u7U2vxtBXoC1QARpHaMlRQGBI7DNscFRO7Kd8QGwZnvxoGa6k19CgUuGh6ifDKn?c=daum.ch4&t=0,,,,positive,추천 요청,안마의자,ok
2026-06-07T13:17:16+09:00,search,daum_search,daum_html,Category,안마의자 추천,구매 110+,"[N포인트 30만] 바디프랜드 카르나로보 안마 의자 골반저근케어 의무60 직접관리 추가비X 65,000원 18% 53,000 원 무료 바디프랜드 공식 N Pay+ 평점 4.92 리뷰 156",https://ader.naver.com/v1/Cr-bdUfWtGUR9eK81CxxbewJUDAOVbsmi_0BlrhJkmhjIVfzlEbgrvIjMPm4xsaYc3FR_F_NFFiYRFjzUSNtJOUWVdd_Cgl6HLluUPwo5HV9rs3OjFkTk1RPGOsddsQgK13uyY7ry6Im0pYxZksedcgpBuSBCk5EzbjsOsRkBcQw2H07waRU3bGmnYRIARZpkX8ctuQl2EhlpzK-SkAkCFjaFXJzoQ3UrnR_BvFf9RXY8nbjucHg_6zcxZrejQmhL2PsbKtiKjXYjDd11X8czImFHcs5VUsFSKnnM-5MaMgjH-bDcF7c7bF5aBZ3ufpxH1Ev1IBh_z8AcnmZ0X_T8J3TpdA8jZQaBKLRoisjljvuHPE-TcRFngBy0WDFe00F?c=daum.ch4&t=0,,,,positive,추천 요청,안마의자,ok
2026-06-07T13:17:16+09:00,daum,jina_daum_search,jina_reader,Zespa,제스파 후기,본문 바로가기,제스파 후기,https://search.daum.net/search?w=tot&q=%EC%A0%9C%EC%8A%A4%ED%8C%8C+%ED%9B%84%EA%B8%B0#daumBody,,,,neutral,구매 후기,기타,ok
2026-06-07T13:17:16+09:00,daum,jina_daum_search,jina_reader,Zespa,제스파 후기,메뉴 바로가기,제스파 후기,https://search.daum.net/search?w=tot&q=%EC%A0%9C%EC%8A%A4%ED%8C%8C+%ED%9B%84%EA%B8%B0#daumGnb,,,,neutral,구매 후기,기타,ok
2026-06-07T13:17:16+09:00,daum,jina_daum_search,jina_reader,Zespa,제스파 후기,로그인,,https://logins.daum.net/accounts/loginform.do?url=https%3A%2F%2Fsearch.daum.net%2Fsearch%3Fw%3Dtot%26q%3D%25EC%25A0%259C%25EC%258A%25A4%25ED%258C%258C%2B%25ED%259B%2584%25EA%25B8%25B0,,,,neutral,구매 후기,기타,ok
2026-06-07T13:17:16+09:00,daum,jina_daum_search,jina_reader,Zespa,제스파 발마사지기,본문 바로가기,제스파 발마사지기,https://search.daum.net/search?w=tot&q=%EC%A0%9C%EC%8A%A4%ED%8C%8C+%EB%B0%9C%EB%A7%88%EC%82%AC%EC%A7%80%EA%B8%B0#daumBody,,,,neutral,기타,발마사지기,ok
2026-06-07T13:17:16+09:00,daum,jina_daum_search,jina_reader,Zespa,제스파 발마사지기,메뉴 바로가기,제스파 발마사지기,https://search.daum.net/search?w=tot&q=%EC%A0%9C%EC%8A%A4%ED%8C%8C+%EB%B0%9C%EB%A7%88%EC%82%AC%EC%A7%80%EA%B8%B0#daumGnb,,,,neutral,기타,발마사지기,ok
2026-06-07T13:17:16+09:00,daum,jina_daum_search,jina_reader,Zespa,제스파 발마사지기,로그인,,https://logins.daum.net/accounts/loginform.do?url=https%3A%2F%2Fsearch.daum.net%2Fsearch%3Fw%3Dtot%26q%3D%25EC%25A0%259C%25EC%258A%25A4%25ED%258C%258C%2B%25EB%25B0%259C%25EB%25A7%2588%25EC%2582%25AC%25EC%25A7%2580%25EA%25B8%25B0,,,,neutral,기타,발마사지기,ok
2026-06-07T13:17:16+09:00,daum,jina_daum_search,jina_reader,Zespa,제스파 종아리 마사지기,본문 바로가기,제스파 종아리 마사지기,https://search.daum.net/search?w=tot&q=%EC%A0%9C%EC%8A%A4%ED%8C%8C+%EC%A2%85%EC%95%84%EB%A6%AC+%EB%A7%88%EC%82%AC%EC%A7%80%EA%B8%B0#daumBody,,,,neutral,기타,종아리 마사지기,ok
2026-06-07T13:17:16+09:00,daum,jina_daum_search,jina_reader,Zespa,제스파 종아리 마사지기,메뉴 바로가기,제스파 종아리 마사지기,https://search.daum.net/search?w=tot&q=%EC%A0%9C%EC%8A%A4%ED%8C%8C+%EC%A2%85%EC%95%84%EB%A6%AC+%EB%A7%88%EC%82%AC%EC%A7%80%EA%B8%B0#daumGnb,,,,neutral,기타,종아리 마사지기,ok
2026-06-07T13:17:16+09:00,daum,jina_daum_search,jina_reader,Zespa,제스파 종아리 마사지기,로그인,,https://logins.daum.net/accounts/loginform.do?url=https%3A%2F%2Fsearch.daum.net%2Fsearch%3Fw%3Dtot%26q%3D%25EC%25A0%259C%25EC%258A%25A4%25ED%258C%258C%2B%25EC%25A2%2585%25EC%2595%2584%25EB%25A6%25AC%2B%25EB%25A7%2588%25EC%2582%25AC%25EC%25A7%2580%25EA%25B8%25B0,,,,neutral,기타,종아리 마사지기,ok
2026-06-07T13:17:16+09:00,daum,jina_daum_search,jina_reader,Zespa,제스파 안마기 추천,본문 바로가기,제스파 안마기 추천,https://search.daum.net/search?w=tot&q=%EC%A0%9C%EC%8A%A4%ED%8C%8C+%EC%95%88%EB%A7%88%EA%B8%B0+%EC%B6%94%EC%B2%9C#daumBody,,,,positive,추천 요청,기타,ok
2026-06-07T13:17:16+09:00,daum,jina_daum_search,jina_reader,Zespa,제스파 안마기 추천,메뉴 바로가기,제스파 안마기 추천,https://search.daum.net/search?w=tot&q=%EC%A0%9C%EC%8A%A4%ED%8C%8C+%EC%95%88%EB%A7%88%EA%B8%B0+%EC%B6%94%EC%B2%9C#daumGnb,,,,positive,추천 요청,기타,ok
2026-06-07T13:17:16+09:00,daum,jina_daum_search,jina_reader,Zespa,제스파 안마기 추천,로그인,,https://logins.daum.net/accounts/loginform.do?url=https%3A%2F%2Fsearch.daum.net%2Fsearch%3Fw%3Dtot%26q%3D%25EC%25A0%259C%25EC%258A%25A4%25ED%258C%258C%2B%25EC%2595%2588%25EB%25A7%2588%25EA%25B8%25B0%2B%25EC%25B6%2594%25EC%25B2%259C,,,,positive,추천 요청,기타,ok
2026-06-07T13:17:16+09:00,daum,jina_daum_search,jina_reader,Zespa,제스파 고장,본문 바로가기,제스파 고장,https://search.daum.net/search?w=tot&q=%EC%A0%9C%EC%8A%A4%ED%8C%8C+%EA%B3%A0%EC%9E%A5#daumBody,,,,negative,AS/고장 불만,AS/고장/내구성,ok
2026-06-07T13:17:16+09:00,daum,jina_daum_search,jina_reader,Zespa,제스파 고장,메뉴 바로가기,제스파 고장,https://search.daum.net/search?w=tot&q=%EC%A0%9C%EC%8A%A4%ED%8C%8C+%EA%B3%A0%EC%9E%A5#daumGnb,,,,negative,AS/고장 불만,AS/고장/내구성,ok
2026-06-07T13:17:16+09:00,daum,jina_daum_search,jina_reader,Zespa,제스파 고장,로그인,,https://logins.daum.net/accounts/loginform.do?url=https%3A%2F%2Fsearch.daum.net%2Fsearch%3Fw%3Dtot%26q%3D%25EC%25A0%259C%25EC%258A%25A4%25ED%258C%258C%2B%25EA%25B3%25A0%25EC%259E%25A5,,,,negative,AS/고장 불만,AS/고장/내구성,ok
2026-06-07T13:17:16+09:00,daum,jina_daum_search,jina_reader,Zespa,제스파 AS,본문 바로가기,제스파 AS,https://search.daum.net/search?w=tot&q=%EC%A0%9C%EC%8A%A4%ED%8C%8C+AS#daumBody,,,,negative,AS/고장 불만,AS/고장/내구성,ok
2026-06-07T13:17:16+09:00,daum,jina_daum_search,jina_reader,Zespa,제스파 AS,메뉴 바로가기,제스파 AS,https://search.daum.net/search?w=tot&q=%EC%A0%9C%EC%8A%A4%ED%8C%8C+AS#daumGnb,,,,negative,AS/고장 불만,AS/고장/내구성,ok
2026-06-07T13:17:16+09:00,daum,jina_daum_search,jina_reader,Zespa,제스파 AS,로그인,,https://logins.daum.net/accounts/loginform.do?url=https%3A%2F%2Fsearch.daum.net%2Fsearch%3Fw%3Dtot%26q%3D%25EC%25A0%259C%25EC%258A%25A4%25ED%258C%258C%2BAS,,,,negative,AS/고장 불만,AS/고장/내구성,ok
2026-06-07T13:17:16+09:00,daum,jina_daum_search,jina_reader,Zespa,Zespa massager,본문 바로가기,Zespa massager,https://search.daum.net/search?w=tot&q=Zespa+massager#daumBody,,,,negative,AS/고장 불만,AS/고장/내구성,ok
2026-06-07T13:17:16+09:00,daum,jina_daum_search,jina_reader,Zespa,Zespa massager,메뉴 바로가기,Zespa massager,https://search.daum.net/search?w=tot&q=Zespa+massager#daumGnb,,,,negative,AS/고장 불만,AS/고장/내구성,ok
2026-06-07T13:17:16+09:00,daum,jina_daum_search,jina_reader,Zespa,Zespa massager,로그인,,https://logins.daum.net/accounts/loginform.do?url=https%3A%2F%2Fsearch.daum.net%2Fsearch%3Fw%3Dtot%26q%3DZespa%2Bmassager,,,,negative,AS/고장 불만,AS/고장/내구성,ok
2026-06-07T13:17:16+09:00,daum,jina_daum_search,jina_reader,Bodyfriend,바디프렌드 후기,본문 바로가기,바디프렌드 후기,https://search.daum.net/search?w=tot&q=%EB%B0%94%EB%94%94%ED%94%84%EB%A0%8C%EB%93%9C+%ED%9B%84%EA%B8%B0#daumBody,,,,neutral,구매 후기,기타,ok
2026-06-07T13:17:16+09:00,daum,jina_daum_search,jina_reader,Bodyfriend,바디프렌드 후기,메뉴 바로가기,바디프렌드 후기,https://search.daum.net/search?w=tot&q=%EB%B0%94%EB%94%94%ED%94%84%EB%A0%8C%EB%93%9C+%ED%9B%84%EA%B8%B0#daumGnb,,,,neutral,구매 후기,기타,ok
2026-06-07T13:17:16+09:00,daum,jina_daum_search,jina_reader,Bodyfriend,바디프렌드 후기,로그인,,https://logins.daum.net/accounts/loginform.do?url=https%3A%2F%2Fsearch.daum.net%2Fsearch%3Fw%3Dtot%26q%3D%25EB%25B0%2594%25EB%2594%2594%25ED%2594%2584%25EB%25A0%258C%25EB%2593%259C%2B%25ED%259B%2584%25EA%25B8%25B0,,,,neutral,구매 후기,기타,ok
2026-06-07T13:17:16+09:00,daum,jina_daum_search,jina_reader,Bodyfriend,바디프랜드 AS,본문 바로가기,바디프랜드 AS,https://search.daum.net/search?w=tot&q=%EB%B0%94%EB%94%94%ED%94%84%EB%9E%9C%EB%93%9C+AS#daumBody,,,,negative,AS/고장 불만,AS/고장/내구성,ok
2026-06-07T13:17:16+09:00,daum,jina_daum_search,jina_reader,Bodyfriend,바디프랜드 AS,메뉴 바로가기,바디프랜드 AS,https://search.daum.net/search?w=tot&q=%EB%B0%94%EB%94%94%ED%94%84%EB%9E%9C%EB%93%9C+AS#daumGnb,,,,negative,AS/고장 불만,AS/고장/내구성,ok
2026-06-07T13:17:16+09:00,daum,jina_daum_search,jina_reader,Bodyfriend,바디프랜드 AS,로그인,,https://logins.daum.net/accounts/loginform.do?url=https%3A%2F%2Fsearch.daum.net%2Fsearch%3Fw%3Dtot%26q%3D%25EB%25B0%2594%25EB%2594%2594%25ED%2594%2584%25EB%259E%259C%25EB%2593%259C%2BAS,,,,negative,AS/고장 불만,AS/고장/내구성,ok
2026-06-07T13:17:16+09:00,daum,jina_daum_search,jina_reader,Bodyfriend,바디프렌드 팔콘 후기,본문 바로가기,바디프렌드 팔콘 후기,https://search.daum.net/search?w=tot&q=%EB%B0%94%EB%94%94%ED%94%84%EB%A0%8C%EB%93%9C+%ED%8C%94%EC%BD%98+%ED%9B%84%EA%B8%B0#daumBody,,,,neutral,구매 후기,안마의자,ok
2026-06-07T13:17:16+09:00,daum,jina_daum_search,jina_reader,Bodyfriend,바디프렌드 팔콘 후기,메뉴 바로가기,바디프렌드 팔콘 후기,https://search.daum.net/search?w=tot&q=%EB%B0%94%EB%94%94%ED%94%84%EB%A0%8C%EB%93%9C+%ED%8C%94%EC%BD%98+%ED%9B%84%EA%B8%B0#daumGnb,,,,neutral,구매 후기,안마의자,ok
2026-06-07T13:17:16+09:00,daum,jina_daum_search,jina_reader,Bodyfriend,바디프렌드 팔콘 후기,로그인,,https://logins.daum.net/accounts/loginform.do?url=https%3A%2F%2Fsearch.daum.net%2Fsearch%3Fw%3Dtot%26q%3D%25EB%25B0%2594%25EB%2594%2594%25ED%2594%2584%25EB%25A0%258C%25EB%2593%259C%2B%25ED%258C%2594%25EC%25BD%2598%2B%25ED%259B%2584%25EA%25B8%25B0,,,,neutral,구매 후기,안마의자,ok
2026-06-07T13:17:16+09:00,daum,jina_daum_search,jina_reader,Bodyfriend,바디프렌드 안마의자 추천,_바디프랜드 안마의자 추천_,## 관련 검색어,https://search.daum.net/search?DA=BFT&q=%EB%B0%94%EB%94%94%ED%94%84%EB%9E%9C%EB%93%9C+%EC%95%88%EB%A7%88%EC%9D%98%EC%9E%90+%EC%B6%94%EC%B2%9C&w=tot,,,,positive,추천 요청,안마의자,ok
2026-06-07T13:17:16+09:00,daum,jina_daum_search,jina_reader,Bodyfriend,바디프렌드 안마의자 추천,바디프랜드 안마의자 추천,더보기,https://search.daum.net/search?w=tot&m=&q=%EB%B0%94%EB%94%94%ED%94%84%EB%9E%9C%EB%93%9C%20%EC%95%88%EB%A7%88%EC%9D%98%EC%9E%90%20%EC%B6%94%EC%B2%9C&nzq=%EB%B0%94%EB%94%94%ED%94%84%EB%A0%8C%EB%93%9C%20%EC%95%88%EB%A7%88%EC%9D%98%EC%9E%90%20%EC%B6%94%EC%B2%9C&DA=NSJ,,,,positive,추천 요청,안마의자,ok
2026-06-07T13:17:16+09:00,daum,jina_daum_search,jina_reader,Bodyfriend,바디프렌드 안마의자 추천,바디프랜드 안마의자 홈페이지,더보기,https://search.daum.net/search?w=tot&m=&q=%EB%B0%94%EB%94%94%ED%94%84%EB%9E%9C%EB%93%9C%20%EC%95%88%EB%A7%88%EC%9D%98%EC%9E%90%20%ED%99%88%ED%8E%98%EC%9D%B4%EC%A7%80&nzq=%EB%B0%94%EB%94%94%ED%94%84%EB%A0%8C%EB%93%9C%20%EC%95%88%EB%A7%88%EC%9D%98%EC%9E%90%20%EC%B6%94%EC%B2%9C&DA=NSJ,,,,positive,추천 요청,안마의자,ok
2026-06-07T13:17:16+09:00,daum,jina_daum_search,jina_reader,Bodyfriend,Bodyfriend massage chair,본문 바로가기,Bodyfriend massage chair,https://search.daum.net/search?w=tot&q=Bodyfriend+massage+chair#daumBody,,,,negative,AS/고장 불만,안마의자,ok
2026-06-07T13:17:16+09:00,daum,jina_daum_search,jina_reader,Bodyfriend,Bodyfriend massage chair,메뉴 바로가기,Bodyfriend massage chair,https://search.daum.net/search?w=tot&q=Bodyfriend+massage+chair#daumGnb,,,,negative,AS/고장 불만,안마의자,ok
2026-06-07T13:17:16+09:00,daum,jina_daum_search,jina_reader,Bodyfriend,Bodyfriend massage chair,로그인,,https://logins.daum.net/accounts/loginform.do?url=https%3A%2F%2Fsearch.daum.net%2Fsearch%3Fw%3Dtot%26q%3DBodyfriend%2Bmassage%2Bchair,,,,negative,AS/고장 불만,안마의자,ok
2026-06-07T13:17:16+09:00,daum,jina_daum_search,jina_reader,Category,부모님 마사지기 추천,본문 바로가기,부모님 마사지기 추천,https://search.daum.net/search?w=tot&q=%EB%B6%80%EB%AA%A8%EB%8B%98+%EB%A7%88%EC%82%AC%EC%A7%80%EA%B8%B0+%EC%B6%94%EC%B2%9C#daumBody,,,,positive,추천 요청,부모님 선물,ok
2026-06-07T13:17:16+09:00,daum,jina_daum_search,jina_reader,Category,부모님 마사지기 추천,메뉴 바로가기,부모님 마사지기 추천,https://search.daum.net/search?w=tot&q=%EB%B6%80%EB%AA%A8%EB%8B%98+%EB%A7%88%EC%82%AC%EC%A7%80%EA%B8%B0+%EC%B6%94%EC%B2%9C#daumGnb,,,,positive,추천 요청,부모님 선물,ok
2026-06-07T13:17:16+09:00,daum,jina_daum_search,jina_reader,Category,부모님 마사지기 추천,로그인,,https://logins.daum.net/accounts/loginform.do?url=https%3A%2F%2Fsearch.daum.net%2Fsearch%3Fw%3Dtot%26q%3D%25EB%25B6%2580%25EB%25AA%25A8%25EB%258B%2598%2B%25EB%25A7%2588%25EC%2582%25AC%25EC%25A7%2580%25EA%25B8%25B0%2B%25EC%25B6%2594%25EC%25B2%259C,,,,positive,추천 요청,부모님 선물,ok
2026-06-07T13:17:16+09:00,daum,jina_daum_search,jina_reader,Category,발마사지기 추천,본문 바로가기,발마사지기 추천,https://search.daum.net/search?w=tot&q=%EB%B0%9C%EB%A7%88%EC%82%AC%EC%A7%80%EA%B8%B0+%EC%B6%94%EC%B2%9C#daumBody,,,,positive,추천 요청,발마사지기,ok
2026-06-07T13:17:16+09:00,daum,jina_daum_search,jina_reader,Category,발마사지기 추천,메뉴 바로가기,발마사지기 추천,https://search.daum.net/search?w=tot&q=%EB%B0%9C%EB%A7%88%EC%82%AC%EC%A7%80%EA%B8%B0+%EC%B6%94%EC%B2%9C#daumGnb,,,,positive,추천 요청,발마사지기,ok
2026-06-07T13:17:16+09:00,daum,jina_daum_search,jina_reader,Category,발마사지기 추천,로그인,,https://logins.daum.net/accounts/loginform.do?url=https%3A%2F%2Fsearch.daum.net%2Fsearch%3Fw%3Dtot%26q%3D%25EB%25B0%259C%25EB%25A7%2588%25EC%2582%25AC%25EC%25A7%2580%25EA%25B8%25B0%2B%25EC%25B6%2594%25EC%25B2%259C,,,,positive,추천 요청,발마사지기,ok
2026-06-07T13:17:16+09:00,daum,jina_daum_search,jina_reader,Category,종아리 마사지기 추천,본문 바로가기,종아리 마사지기 추천,https://search.daum.net/search?w=tot&q=%EC%A2%85%EC%95%84%EB%A6%AC+%EB%A7%88%EC%82%AC%EC%A7%80%EA%B8%B0+%EC%B6%94%EC%B2%9C#daumBody,,,,positive,추천 요청,종아리 마사지기,ok
2026-06-07T13:17:16+09:00,daum,jina_daum_search,jina_reader,Category,종아리 마사지기 추천,메뉴 바로가기,종아리 마사지기 추천,https://search.daum.net/search?w=tot&q=%EC%A2%85%EC%95%84%EB%A6%AC+%EB%A7%88%EC%82%AC%EC%A7%80%EA%B8%B0+%EC%B6%94%EC%B2%9C#daumGnb,,,,positive,추천 요청,종아리 마사지기,ok
2026-06-07T13:17:16+09:00,daum,jina_daum_search,jina_reader,Category,종아리 마사지기 추천,로그인,,https://logins.daum.net/accounts/loginform.do?url=https%3A%2F%2Fsearch.daum.net%2Fsearch%3Fw%3Dtot%26q%3D%25EC%25A2%2585%25EC%2595%2584%25EB%25A6%25AC%2B%25EB%25A7%2588%25EC%2582%25AC%25EC%25A7%2580%25EA%25B8%25B0%2B%25EC%25B6%2594%25EC%25B2%259C,,,,positive,추천 요청,종아리 마사지기,ok
2026-06-07T13:17:16+09:00,search,jina_daum_search,jina_reader,Category,안마의자 추천,도움말,,https://saedu.naver.com/help/faq/ncc/view.naver?faqSeq=704,,,,positive,추천 요청,안마의자,ok
2026-06-07T13:17:16+09:00,search,jina_daum_search,jina_reader,Category,안마의자 추천,신청하기,*,https://saedu.naver.com/adbiz/searchad/intro.nhn,,,,positive,추천 요청,안마의자,ok
2026-06-07T13:17:16+09:00,search,jina_daum_search,jina_reader,Category,안마의자 추천,![Image 1,,https://search1.daumcdn.net/thumb/R174x174/?fname=https%3A%2F%2Fsearchad-phinf.pstatic.net%2FMjAyNjA0MjFfMTQz%2FMDAxNzc2NzUyNzMzNTA1.AXeof9Ja0wRXuuXyBVQmDrALdJx7wGkP41AJXAinQ0wg.ldpVGp2heY2_cCmLUYmGXmOSwj2OQwFxSuQjQaswVlQg.JPEG%2F329695-c9f0ded7-3475-4ced-8109-cdcea09b005d.jpg,,,,positive,추천 요청,안마의자,ok
2026-06-07T13:17:16+09:00,youtube,youtube,yt_dlp,Zespa,제스파 후기,“안마의자 아무거나 사지 마세요” 2026 안마의자 비교추천🔥 안마의자 추천┃안마의자 비교┃제스파┃가성비 안마의자 | 안마의자 싸게 사는 방법 | 안마의자 추천 브랜드,"📆리뷰머신 공동구매 캘린더 보러가기 👉https://link.inpock.co.kr/reviewland #안마의자 #안마의자추천 #제스파 ⭐️⭐️⭐️⭐️리뷰머신 X 제스파 안마의자 공동구매 OPEN ⭐️⭐️⭐️⭐️ 📌배송안내 : 결제 완료 후 해피콜까지 약 5~7일, 배송 및 설치까지는 추가로 약 5일, 총 2주 소요됩니다. 자세한 문의사항은 상담 채널로 문의 주세요.😊 📌배송, 제품 문의하기 : https://happytalk.io/l/Han6WS 📌전화 구매 문의 : 010-5760-1544 ✅제스파 더 퍼스트 클래스 (🎁전용 러그 포함, 선착순 20명 안마건 증정) 링크 : https://www.e-himart.co.kr/app/goods/goodsDetail?goodsNo=0059545167 정가 : 499만원 → 🔶공동구매가 : 2,790,000원 → 쿠폰가 : 2,594,700원 모드 : 20가지 SL 프레임, 4D 싱글 안마구, 최대 105mm 돌출, 최대 159도 리클라이닝 기능 : 자동체형 측정, 무중력모드, 다리길이 자동조절, 발바닥 롤링, 종아리 에어, 손 지압, 온열 A/S : 2년 ✅제스파 엘라가르 (🎁전용 러그 포함, 50만원 상당 여분 등시트 추가증정) 링크 : https://www.zespa.co.kr/goods/goods_view.php?goodsNo=1000001775 정가 : 579만원 → 🔶공동구매가 : 2,790,000원 모드 : 18가지 모듈 : SL프레임, 4D 안마구 + 서브 코어 듀얼 모듈 / 안마구 최대 10.5cm 돌출, 최대 160도 리클라이닝 기능 : 자동체형 측정, 무중력모드, 다리길이 자동조절, 발바닥 롤링, *종아리 롤링 &비빔 마사지, 손 지압, 온열 A/S : 3년 ⭐️⭐️⭐️⭐️⭐️⭐️⭐️⭐️⭐️⭐️⭐️⭐️⭐️⭐️⭐️⭐️ 인트로 00:00 1.허리 뻐근한 분들 01:17 2.가족 다같이 쓰고싶은 분들 02:06 3.하체 잘 붓는 분들 02:33 ✅더 퍼스트 클래스 안마의자 05:10 ✅엘라가르 안마의자 11:13 리뷰문의 👉 biz@tlabcorp.com",https://www.youtube.com/watch?v=C1phs4wk2lE,리뷰머신,20260502,127113,mixed,AS/고장 불만,종아리 마사지기,ok
2026-06-07T13:17:16+09:00,youtube,youtube,yt_dlp,Zespa,제스파 후기,제스파 컴포르테 안마의자 '가성비 1황' 내돈내산 리뷰ㅣ2025 안마의자 비교 추천 가성비안마의자ㅣ부모님안마의자,▶이 영상은 쿠팡파트너스 활동의 일환으로 일정액의 수수료를 제공 받습니다◀ ♉제품 가격은 변동 될 수 있습니다! ✅제스파 컴포르테 안마의자 링크:https://link.coupang.com/a/cDTQQG 품절시링크:https://link.coupang.com/a/cDTRn9 ▶이 영상은 쿠팡파트너스 활동의 일환으로 일정액의 수수료를 제공 받습니다◀ #안마의자추천 #제스파컴포르테 #제스파안마의자추천 #가성비안마의자 #안마의자비교추천 #부모님안마의자 #가성비안마의자추천 #2025안마의자 제스파 컴포르테 안마의자 '가성비 1황' 내돈내산 리뷰ㅣ2025 안마의자 비교 추천 가성비안마의자ㅣ부모님안마의자 리뷰영상입니다.,https://www.youtube.com/watch?v=m72GldmzEvk,쇼핑브로,20250709,11018,positive,추천 요청,안마의자,ok
2026-06-07T13:17:16+09:00,youtube,youtube,yt_dlp,Zespa,제스파 후기,요즘 광고속에서 많이 보이는 부츠형 마사지기를 사봤습니다. 과연 정말 시원할까?,멤버십에 가입하시면 제이제이의 컨텐츠 제작에 큰 힘이 됩니다♡ https://www.youtube.com/channel/UCxp9XKFw-lMTlIa_2yrfdqQ/join 인스타그램 https://bit.ly/3UDiARf 치지직 : https://bit.ly/3Qmutsh 아프리카TV : https://bit.ly/3wcCeKk Contact : yimjaehoon@nate.com,https://www.youtube.com/watch?v=NFVMkzfutUY,제이제이,20250117,131911,mixed,바이럴/광고 의심,기타,ok
2026-06-07T13:17:16+09:00,youtube,youtube,yt_dlp,Zespa,제스파 발마사지기,다리 피로에 끝판왕 나타났다! 제스파 발 마사지기 ZP4380 사용 후기,"👉 이 영상은 쿠팡 파트너스 활동의 일환으로, 이에 따른 일정액의 수수료를 제공받습니다. 👉 제품에 대하여 채널은 책임을 지지 않으며, 제품 관련은 쿠팡 고객센터로 연락 바랍니다. 👉 영상 속 제품 링크가 궁금하면 아래 [더보기] 눌러 확인하거나 '고정 댓글'에서 확인하세요!! 00:00 다리 마사지기의 혁명 사용자의 기적 같은 변화를 담은 리뷰 00:08 제스파 다리 종아리 발 마사지기 ZP4380 https://link.coupang.com/a/cqynvA 🔥특가 : 299,000원 (64%) 2,636 리뷰 👉 본 영상에는 채널의 주관적인 생각이 포함되어 있습니다. 👉 본 영상에 표시된 가격 정보는 영상 업로드일 당시 원화 기준이며, 가격은 수시로 변동 가능합니다.",https://www.youtube.com/watch?v=_cd2WoAIunM,오늘의 득템,20250501,1235,neutral,바이럴/광고 의심,발마사지기,ok
2026-06-07T13:17:16+09:00,youtube,youtube,yt_dlp,Zespa,제스파 발마사지기,zp4380_레그더비트 종아리발 마사지기,zp4380_레그더비트 종아리발 마사지기 https://smartstore.naver.com/zespa/products/5049904071?NaPm=ct%3Dkiu263jc%7Cci%3D193498eac3db85ad484ef73d607eef046e14fa63%7Ctr%3Dsls%7Csn%3D187924%7Chk%3D9e62ea9a7e3b15526dac6804aaa35d88103757f6,https://www.youtube.com/watch?v=xcSCOF3rpt0,제스파 ZESPA official,20210105,83579,neutral,기타,발마사지기,ok
2026-06-07T13:17:16+09:00,youtube,youtube,yt_dlp,Zespa,제스파 발마사지기,요즘 광고속에서 많이 보이는 부츠형 마사지기를 사봤습니다. 과연 정말 시원할까?,멤버십에 가입하시면 제이제이의 컨텐츠 제작에 큰 힘이 됩니다♡ https://www.youtube.com/channel/UCxp9XKFw-lMTlIa_2yrfdqQ/join 인스타그램 https://bit.ly/3UDiARf 치지직 : https://bit.ly/3Qmutsh 아프리카TV : https://bit.ly/3wcCeKk Contact : yimjaehoon@nate.com,https://www.youtube.com/watch?v=NFVMkzfutUY,제이제이,20250117,131911,mixed,바이럴/광고 의심,발마사지기,ok
2026-06-07T13:17:16+09:00,youtube,youtube,yt_dlp,Zespa,제스파 종아리 마사지기,"종아리 마사지기 뭐 사야돼? 딱 알려드림!🤧 선물 추천🎁 |풀리오,제스파,바디프랜드 with 구독자이벤트","안녕하세요! 종아리 마사지기 뭐살지 고민되시죠! 그래서 비교를 해보았습니다~ ! 풀리오 / 제스파 / 바디프랜드 기능·가격·강도 비교! (사실 근데,,,별 다른게 없더라구욥🤧) 제가 이 영상을 찍으면서 금전적인 대가는 일절 받지 않았다는 점 미리 안내드립니다!🙏🏻 마사지 맛집 바디프랜드 mini에서 종아리마사지기 신제품이 나왔는데, 시중에 있는 제품들의 단점을 최대한 보완하고 가격도 너무 좋게 나와서 소개해드려요 💟 구독자 이벤트를 감사하게도 바디프랜드에서 준비 해주셨습니다! [종료] ✨ 구독자 이벤트 안내 ✅ 참여 방법 : 구독 & 좋아요 후, 바디프랜드 mini 신제품 기대평을 댓글로 남겨주세요 🤍 ✅ 참여 기간 : 11월 23일 ~ 12월 5일 ✅ 당첨자 발표 : 12월 6일 / 커뮤니티게시판 공지 많은 관심 부탁드립니다! 오늘도 영상 시청해주셔서 감사합니다 😊 🔗목차 00:00 프리뷰 00:10 안녕하세요👋 00:40 종아리마사지기 진짜 필요해? 02:18 풀리오/제스파 리뷰 04:00 바디프랜드 mini 종아리 마사지기 08:10 구독자 이벤트 안내🎁 #바디프랜드 #종아리마사지기 #종아리마사지 #선물추천 #연말선물추천 #부모님선물추천 #효도선물 #임산부선물",https://www.youtube.com/watch?v=WRE9dLcrLT8,깡츄.kang_chu,20251123,2568,positive,구매 전 질문,종아리 마사지기,ok
2026-06-07T13:17:16+09:00,youtube,youtube,yt_dlp,Zespa,제스파 종아리 마사지기,zp4380_레그더비트 종아리발 마사지기,zp4380_레그더비트 종아리발 마사지기 https://smartstore.naver.com/zespa/products/5049904071?NaPm=ct%3Dkiu263jc%7Cci%3D193498eac3db85ad484ef73d607eef046e14fa63%7Ctr%3Dsls%7Csn%3D187924%7Chk%3D9e62ea9a7e3b15526dac6804aaa35d88103757f6,https://www.youtube.com/watch?v=xcSCOF3rpt0,제스파 ZESPA official,20210105,83582,neutral,기타,발마사지기,ok
2026-06-07T13:17:16+09:00,youtube,youtube,yt_dlp,Zespa,제스파 종아리 마사지기,제스파 다리 종아리 발 마사지기 ZP4380,"👉 이 영상은 쿠팡 파트너스 활동의 일환으로, 이에 따른 일정액의 수수료를 제공받습니다. 👉 제품에 대하여 채널은 책임을 지지 않으며, 제품 관련은 쿠팡 고객센터로 연락 바랍니다. 👉 영상 속 제품 링크가 궁금하면 아래 [더보기] 눌러 확인하거나 '고정 댓글'에서 확인하세요!! 00:00 제스파 다리 종아리 발 마사지기 ZP4380 https://link.coupang.com/a/ckY7pz 🔥특가 : 298,889원 (63%) 👉 본 영상에는 채널의 주관적인 생각이 포함되어 있습니다. 👉 본 영상에 표시된 가격 정보는 영상 업로드일 당시 원화 기준이며, 가격은 수시로 변동 가능합니다.",https://www.youtube.com/watch?v=oulsORGtvsE,마인드글리터,20250329,690,neutral,바이럴/광고 의심,발마사지기,ok
2026-06-07T13:17:16+09:00,youtube,youtube,yt_dlp,Bodyfriend,바디프렌드 팔콘 후기,부모님 안마의자 추천｜팔콘i vs 팔콘 vs 팔콘S 기능 비교 총정리,"바디프렌드 팔콘i, 팔콘, 팔콘S 차이점을 가격, 기능, 가죽 소재, 자동코스 기준으로 비교 분석한 영상입니다. 안마의자 구매를 고민하시는 분들을 위해 가성비 모델부터 프리미엄 모델까지 현실적인 선택 기준을 알려드립니다. 이번 영상에서는 ✔ 팔콘i (가성비 입문형) ✔ 팔콘 (기능 강화 밸런스형) ✔ 팔콘S (천연가죽 프리미엄형) 각 모델의 주요 차이점과 추천 대상, 실제 사용 시 체감 차이까지 자세히 설명드립니다. 안마의자 추천, 바디프렌드 팔콘 비교, 팔콘i 팔콘S 차이, 가성비 안마의자, 부모님 안마의자 선물 고민 중이라면 끝까지 시청해주세요.",https://www.youtube.com/watch?v=DkbNDG6ecLY,a life lesson,20260221,1088,positive,구매 전 질문,안마의자,ok
2026-06-07T13:17:16+09:00,youtube,youtube,yt_dlp,Bodyfriend,바디프렌드 팔콘 후기,바디프렌드 팔콘 구입은 이거 보시고... 장단점과 사용기.,"바디프렌드에서 최고 화제작 팔콘입니다. 컴팩트하고 디자인 어느 거실이나 어울려요. 협찬 노. 사용해보고 단점들까지 느낀점 공유해봐요~ 쿠팡으로 당장 바로 배송받고 싶으시다면 제가 다 뒤져보니 요게 가장 저렴합니다! https://link.coupang.com/a/bxgI4K ""이 포스팅은 쿠팡 파트너스 활동의 일환으로, 이에 따른 일정액의 수수료를 제공받습니다."" 💻이메일 : chagamdok@kakao.com 📱인스타 : hwan_prod",https://www.youtube.com/watch?v=_-gl_nS9wNY,CHASEYi,20231218,40177,neutral,바이럴/광고 의심,안마의자,ok
2026-06-07T13:17:16+09:00,youtube,youtube,yt_dlp,Bodyfriend,바디프렌드 팔콘 후기,"바디프렌드 팔콘N 안마의자 끝판왕, AI 헬스케어 로봇 안마의자 구입 이거로 하세요!!","#내돈내산 #바디프렌드 #안마의자추천 #팔콘n 집에 안마의자하나두면 삶의질이 상승합니다 바디프렌드 팔콘N 솔직리뷰해봤습니다 시어머님께서 설날선물로 팔콘N을 사주셨어요 일주일 넘게 사용해본결과!! 너무너무 추천드립니다 불면증이 있었던 저는 수면모드로 안마받게되면 어느새잠들어있는 저를 발견해요 👍 제가 좋아하는 모드는 듀얼에너지,수면모드1,2,소화가안될때,무기력할때예요 모드가 워낙 다양해서 하나하나 해보려고합니다!",https://www.youtube.com/watch?v=tKsW4XgThfE,환희부부,20260211,986,positive,추천 요청,안마의자,ok
2026-06-07T13:17:16+09:00,youtube,youtube,yt_dlp,Category,안마의자 추천,“안마의자 아무거나 사지 마세요” 2026 안마의자 비교추천🔥 안마의자 추천┃안마의자 비교┃제스파┃가성비 안마의자 | 안마의자 싸게 사는 방법 | 안마의자 추천 브랜드,"📆리뷰머신 공동구매 캘린더 보러가기 👉https://link.inpock.co.kr/reviewland #안마의자 #안마의자추천 #제스파 ⭐️⭐️⭐️⭐️리뷰머신 X 제스파 안마의자 공동구매 OPEN ⭐️⭐️⭐️⭐️ 📌배송안내 : 결제 완료 후 해피콜까지 약 5~7일, 배송 및 설치까지는 추가로 약 5일, 총 2주 소요됩니다. 자세한 문의사항은 상담 채널로 문의 주세요.😊 📌배송, 제품 문의하기 : https://happytalk.io/l/Han6WS 📌전화 구매 문의 : 010-5760-1544 ✅제스파 더 퍼스트 클래스 (🎁전용 러그 포함, 선착순 20명 안마건 증정) 링크 : https://www.e-himart.co.kr/app/goods/goodsDetail?goodsNo=0059545167 정가 : 499만원 → 🔶공동구매가 : 2,790,000원 → 쿠폰가 : 2,594,700원 모드 : 20가지 SL 프레임, 4D 싱글 안마구, 최대 105mm 돌출, 최대 159도 리클라이닝 기능 : 자동체형 측정, 무중력모드, 다리길이 자동조절, 발바닥 롤링, 종아리 에어, 손 지압, 온열 A/S : 2년 ✅제스파 엘라가르 (🎁전용 러그 포함, 50만원 상당 여분 등시트 추가증정) 링크 : https://www.zespa.co.kr/goods/goods_view.php?goodsNo=1000001775 정가 : 579만원 → 🔶공동구매가 : 2,790,000원 모드 : 18가지 모듈 : SL프레임, 4D 안마구 + 서브 코어 듀얼 모듈 / 안마구 최대 10.5cm 돌출, 최대 160도 리클라이닝 기능 : 자동체형 측정, 무중력모드, 다리길이 자동조절, 발바닥 롤링, *종아리 롤링 &비빔 마사지, 손 지압, 온열 A/S : 3년 ⭐️⭐️⭐️⭐️⭐️⭐️⭐️⭐️⭐️⭐️⭐️⭐️⭐️⭐️⭐️⭐️ 인트로 00:00 1.허리 뻐근한 분들 01:17 2.가족 다같이 쓰고싶은 분들 02:06 3.하체 잘 붓는 분들 02:33 ✅더 퍼스트 클래스 안마의자 05:10 ✅엘라가르 안마의자 11:13 리뷰문의 👉 biz@tlabcorp.com",https://www.youtube.com/watch?v=C1phs4wk2lE,리뷰머신,20260502,127113,mixed,AS/고장 불만,종아리 마사지기,ok
2026-06-07T13:17:16+09:00,youtube,youtube,yt_dlp,Category,안마의자 추천,"""그냥 이거 사세요” 안마의자 비교추천 TOP4 안마의자 추천┃안마의자 비교┃제스파┃가성비 안마의자","""이 영상은 쿠팡 파트너스와 네이버쇼핑커넥트 활동의 일환으로, 판매 발생시 일정액의 수수료를 제공받습니다.""😊😊 ⬇구매링크 할인정보 확인!!⬇ 가격은 변동될 수 있으니 참고해주세요!! ☑리쏘 미라클 4D 안마의자 링크:https://naver.me/GTn5tyZ2 ☑제스파 소노디아 안마의자 링크:https://link.coupang.com/a/dGjyRjN2BM 품절시링크:https://link.coupang.com/a/eG8oYa ☑바디프랜드 카릭스로봇 안마의자 링크:https://link.coupang.com/a/dGjsNjPs7g 품절시링크:https://link.coupang.com/a/dGjFAtoOk0 ☑제스파 리브테르 듀얼 코어 엔진 안마의자 링크:https://link.coupang.com/a/dGjBbjTiNM 품절시링크:https://link.coupang.com/a/eG8nzH ""이 영상은 쿠팡 파트너스와 네이버쇼핑커넥트 활동의 일환으로, 판매 발생시 일정액의 수수료를 제공받습니다.""😊😊 00:00 인트로 00:31 리쏘 미라클 4D 안마의자 02:55 제스파 소노디아 안마의자 05:16 바디프랜드 카릭스로봇 안마의자 07:32 제스파 리브테르 안마의자 #안마의자 #안마의자비교추천 #안마의자추천 #제스파 #바디프랜드",https://www.youtube.com/watch?v=fuzRXiqdbI0,뭐살까,20260512,2481,positive,추천 요청,안마의자,ok
2026-06-07T13:17:16+09:00,youtube,youtube,yt_dlp,Category,안마의자 추천,"2025 안마의자 추천 TOP3! (후회없이 제대로 고르는 방법! / 바디프렌드, 제스파 안마의자)","✱ 이 포스팅은 네이버브랜드커넥트 / 토스쇼핑 쉐어링크 활동의 일환으로, 이에 따른 일정액의 수수료를 제공받습니다. (쿠팡 외 다른 사이트에서 구매할 수 있는 링크 원하시는분들이 많아, 네이버 및 토스에서 구입할 수 있는 링크 남겨드려요! 영상에서 추천드린 제품이 없는 경우 최대한 유사한 제품으로 링크 남겨놨습니다.)︎ ⬇︎바디프랜드 팔콘S⬇︎ https://naver.me/Fkac9F8K ⬇︎제스파 컴포르테 안마의자 ZPC2033⬇︎ https://toss.im/_m/phVWjN7A ⬇︎바디프랜드 팔콘S⬇︎ https://toss.im/_m/9XBGN2Mk ⬇︎제스파 더클랑 안마의자 ZPC2090⬇︎ https://toss.im/_m/noLmc0Fd 00:00 안마의자 제대로 고르는 방법!? 00:20 안마의자 구매가이드 3가지 01:24 (1) 제스파 컴포르테 02:04 (2) 바디프렌드 팔콘 02:44 (3) 제스파 더 클랑 AI 03:31 상황별 제품 추천 03:44 추천제품 최저가 할인정보는!?",https://www.youtube.com/watch?v=2geyFjMccuE,픽플레이,20250924,20799,mixed,추천 요청,안마의자,ok
2026-06-07T13:17:16+09:00,youtube,youtube,yt_dlp,Category,부모님 선물 마사지기,모두 직접 선물해봤다! 실패하지 않는 부모님 선물 가격대별 추천 l 내돈내산,이번 명절 선물 대체 무엇으로 해야 할까? 직접 사서 선물해드리고 골라본 부모님 선물가전 10만원 부터 40만원 대까지 금액별로 선택해 봤다! 영상 속 등장한 제품들이 완벽한 정답은 아니니 영상에서 말한 포인트들을 고려해서 선택하자 물론 현금에는 장사없다 #부모님선물 #설선물 #에어프라이어 #로봇청소기 #진공쌀통 #마사지건 #온수매트 #욕실진동청소기 #귀곰 #귀곰리뷰 #귀곰전자제품리뷰 #귀곰가전제품리뷰 #곰리뷰 #곰전자제품리뷰 #곰가전제품리뷰 #곰가면리뷰,https://www.youtube.com/watch?v=L2mVIxvjwPw,귀곰,20210205,231692,mixed,추천 요청,마사지건,ok
2026-06-07T13:17:16+09:00,youtube,youtube,yt_dlp,Category,부모님 선물 마사지기,[효도템] 부모님 선물 1순위! 🌸 효도손 마사지기,"부모님께 효도하는 가장 쉬운 방법, 바로 마사지기 아이템💆‍♀️💆‍♂️ 효도손 마사지기로 매일 건강과 힐링 부모님 선물, 감사 선물 해봐요! 건강템으로 딱이에요! #효도손마사지기 #효도템 #부모님선물추천 #부모님선물 #마사지기추천 #건강선물 #효도선물",https://www.youtube.com/watch?v=IC1W35SkT_E,코드나인,20250929,50,positive,추천 요청,마사지건,ok
2026-06-07T13:17:16+09:00,youtube,youtube,yt_dlp,Category,부모님 선물 마사지기,실패없는 부모님 명절선물! 디웰 저주파 마사지기,스마트폰처럼 큰~ 화면에 편리한 조작! 디웰 저주파 마사지기 👇👇센스있는 부모님 선물 고민이라면👇👇 https://bit.ly/3I2Y9qU,https://www.youtube.com/watch?v=Ra2b2f0X4q8,청훈,20221228,10656,neutral,구매 전 질문,부모님 선물,ok
2026-06-07T13:17:16+09:00,instagram,site_search,daum_site_search,Zespa,site:instagram.com 제스파,[ 제스파 ] 제스파 안마의자 센텐토 (화이트) ZPC2245 렌탈 60개월 월 68600... 1 원 배송비 무료 SSG.COM,,https://shoppinghow.kakao.com/search/site%3Ainstagram.com%20%EC%A0%9C%EC%8A%A4%ED%8C%8C/docid:T36334726336&srchhow:expo&,,,,neutral,중고/리퍼/렌탈,안마의자,ok
2026-06-07T13:17:16+09:00,instagram,site_search,daum_site_search,Zespa,site:instagram.com 제스파,"[ 제스파 ] 에어솔루션 충전식 무선형 온열 에어 손 핸드 안마기 마사지기 택1 ZP... 69,000 원 배송비 무료 리뷰 5 SSG.COM",,https://shoppinghow.kakao.com/search/site%3Ainstagram.com%20%EC%A0%9C%EC%8A%A4%ED%8C%8C/docid:O36273198172&srchhow:expo&,,,,neutral,구매 후기,온열/공기압,ok
2026-06-07T13:17:16+09:00,instagram,site_search,daum_site_search,Zespa,site:instagram.com 제스파,"[ 제스파 ] [리퍼] 제스파 레그라이너 종아리 안마기 공기압 발 마사지기[이마트몰... 99,000 원 배송비 무료 리뷰 3 SSG.COM",,https://shoppinghow.kakao.com/search/site%3Ainstagram.com%20%EC%A0%9C%EC%8A%A4%ED%8C%8C/docid:N30546060894&srchhow:expo&,,,,neutral,중고/리퍼/렌탈,발마사지기,ok
2026-06-07T13:17:16+09:00,instagram,site_search,jina_site_search,Zespa,site:instagram.com 제스파,본문 바로가기,site:instagram.com 제스파,https://search.daum.net/search?w=tot&q=site:instagram.com+%EC%A0%9C%EC%8A%A4%ED%8C%8C#daumBody,,,,neutral,기타,기타,ok
2026-06-07T13:17:16+09:00,instagram,site_search,jina_site_search,Zespa,site:instagram.com 제스파,메뉴 바로가기,site:instagram.com 제스파,https://search.daum.net/search?w=tot&q=site:instagram.com+%EC%A0%9C%EC%8A%A4%ED%8C%8C#daumGnb,,,,neutral,기타,기타,ok
2026-06-07T13:17:16+09:00,instagram,site_search,jina_site_search,Zespa,site:instagram.com 제스파,로그인,,https://logins.daum.net/accounts/loginform.do?url=https%3A%2F%2Fsearch.daum.net%2Fsearch%3Fw%3Dtot%26q%3Dsite%3Ainstagram.com%2B%25EC%25A0%259C%25EC%258A%25A4%25ED%258C%258C,,,,neutral,기타,기타,ok
2026-06-07T13:17:16+09:00,instagram,site_search,daum_site_search,Bodyfriend,site:instagram.com 바디프렌드,어학사전 새창,,http://dic.daum.net/search.do?q=site%3Ainstagram.com+%EB%B0%94%EB%94%94%ED%94%84%EB%A0%8C%EB%93%9C,,,,neutral,기타,기타,ok
2026-06-07T13:17:16+09:00,instagram,site_search,daum_site_search,Bodyfriend,site:instagram.com 바디프렌드,지도 새창,,https://map.kakao.com/?from=total&nil_suggest=btn&tab=place&q=site%3Ainstagram.com+%EB%B0%94%EB%94%94%ED%94%84%EB%A0%8C%EB%93%9C,,,,neutral,기타,기타,ok
2026-06-07T13:17:16+09:00,instagram,site_search,daum_site_search,Bodyfriend,site:instagram.com 바디프렌드,백과사전 새창,,https://100.daum.net/search/entry?q=site%3Ainstagram.com+%EB%B0%94%EB%94%94%ED%94%84%EB%A0%8C%EB%93%9C,,,,neutral,기타,기타,ok
2026-06-07T13:17:16+09:00,instagram,site_search,jina_site_search,Bodyfriend,site:instagram.com 바디프렌드,본문 바로가기,site:instagram.com 바디프렌드,https://search.daum.net/search?w=tot&q=site:instagram.com+%EB%B0%94%EB%94%94%ED%94%84%EB%A0%8C%EB%93%9C#daumBody,,,,neutral,기타,기타,ok
2026-06-07T13:17:16+09:00,instagram,site_search,jina_site_search,Bodyfriend,site:instagram.com 바디프렌드,메뉴 바로가기,site:instagram.com 바디프렌드,https://search.daum.net/search?w=tot&q=site:instagram.com+%EB%B0%94%EB%94%94%ED%94%84%EB%A0%8C%EB%93%9C#daumGnb,,,,neutral,기타,기타,ok
2026-06-07T13:17:16+09:00,instagram,site_search,jina_site_search,Bodyfriend,site:instagram.com 바디프렌드,로그인,,https://logins.daum.net/accounts/loginform.do?url=https%3A%2F%2Fsearch.daum.net%2Fsearch%3Fw%3Dtot%26q%3Dsite%3Ainstagram.com%2B%25EB%25B0%2594%25EB%2594%2594%25ED%2594%2584%25EB%25A0%258C%25EB%2593%259C,,,,neutral,기타,기타,ok
2026-06-07T13:17:16+09:00,instagram,site_search,daum_site_search,Category,site:instagram.com 발마사지기 추천,어학사전 새창,,http://dic.daum.net/search.do?q=site%3Ainstagram.com+%EB%B0%9C%EB%A7%88%EC%82%AC%EC%A7%80%EA%B8%B0+%EC%B6%94%EC%B2%9C,,,,positive,추천 요청,발마사지기,ok
2026-06-07T13:17:16+09:00,instagram,site_search,daum_site_search,Category,site:instagram.com 발마사지기 추천,지도 새창,,https://map.kakao.com/?from=total&nil_suggest=btn&tab=place&q=site%3Ainstagram.com+%EB%B0%9C%EB%A7%88%EC%82%AC%EC%A7%80%EA%B8%B0+%EC%B6%94%EC%B2%9C,,,,positive,추천 요청,발마사지기,ok
2026-06-07T13:17:16+09:00,instagram,site_search,daum_site_search,Category,site:instagram.com 발마사지기 추천,백과사전 새창,,https://100.daum.net/search/entry?q=site%3Ainstagram.com+%EB%B0%9C%EB%A7%88%EC%82%AC%EC%A7%80%EA%B8%B0+%EC%B6%94%EC%B2%9C,,,,positive,추천 요청,발마사지기,ok
2026-06-07T13:17:16+09:00,instagram,site_search,jina_site_search,Category,site:instagram.com 발마사지기 추천,본문 바로가기,site:instagram.com 발마사지기 추천,https://search.daum.net/search?w=tot&q=site:instagram.com+%EB%B0%9C%EB%A7%88%EC%82%AC%EC%A7%80%EA%B8%B0+%EC%B6%94%EC%B2%9C#daumBody,,,,positive,추천 요청,발마사지기,ok
2026-06-07T13:17:16+09:00,instagram,site_search,jina_site_search,Category,site:instagram.com 발마사지기 추천,메뉴 바로가기,site:instagram.com 발마사지기 추천,https://search.daum.net/search?w=tot&q=site:instagram.com+%EB%B0%9C%EB%A7%88%EC%82%AC%EC%A7%80%EA%B8%B0+%EC%B6%94%EC%B2%9C#daumGnb,,,,positive,추천 요청,발마사지기,ok
2026-06-07T13:17:16+09:00,instagram,site_search,jina_site_search,Category,site:instagram.com 발마사지기 추천,로그인,,https://logins.daum.net/accounts/loginform.do?url=https%3A%2F%2Fsearch.daum.net%2Fsearch%3Fw%3Dtot%26q%3Dsite%3Ainstagram.com%2B%25EB%25B0%259C%25EB%25A7%2588%25EC%2582%25AC%25EC%25A7%2580%25EA%25B8%25B0%2B%25EC%25B6%2594%25EC%25B2%259C,,,,positive,추천 요청,발마사지기,ok
2026-06-07T13:17:16+09:00,threads,site_search,daum_site_search,Zespa,site:threads.net 제스파,"Threads Net 스풀 세이버 풀기 스레드 바느질 콘 네트 자수 기계용 대형 소형 콘... 26,190 원 배송비 무료 G마켓",,https://shoppinghow.kakao.com/search/site%3Athreads.net%20%EC%A0%9C%EC%8A%A4%ED%8C%8C/docid:Y36095629818&srchhow:expo&,,,,neutral,기타,기타,ok
2026-06-07T13:17:16+09:00,threads,site_search,daum_site_search,Zespa,site:threads.net 제스파,"Threads Net 스풀 세이버 풀기 스레드 바느질 콘 네트 자수 기계용 대형 소형 콘... 26,190 원 배송비 무료 옥션",,https://shoppinghow.kakao.com/search/site%3Athreads.net%20%EC%A0%9C%EC%8A%A4%ED%8C%8C/docid:G36095505474&srchhow:expo&,,,,neutral,기타,기타,ok
2026-06-07T13:17:16+09:00,threads,site_search,daum_site_search,Zespa,site:threads.net 제스파,"[교보문고] Asp. net 2.0 Web Site Programming : Problem--design--solution... 49,000 원 배송비 무료 SSG.COM",,https://shoppinghow.kakao.com/search/site%3Athreads.net%20%EC%A0%9C%EC%8A%A4%ED%8C%8C/docid:O35972656717&srchhow:expo&,,,,negative,AS/고장 불만,AS/고장/내구성,ok
2026-06-07T13:17:16+09:00,threads,site_search,jina_site_search,Zespa,site:threads.net 제스파,본문 바로가기,site:threads.net 제스파,https://search.daum.net/search?w=tot&q=site:threads.net+%EC%A0%9C%EC%8A%A4%ED%8C%8C#daumBody,,,,neutral,기타,기타,ok
2026-06-07T13:17:16+09:00,threads,site_search,jina_site_search,Zespa,site:threads.net 제스파,메뉴 바로가기,site:threads.net 제스파,https://search.daum.net/search?w=tot&q=site:threads.net+%EC%A0%9C%EC%8A%A4%ED%8C%8C#daumGnb,,,,neutral,기타,기타,ok
2026-06-07T13:17:16+09:00,threads,site_search,jina_site_search,Zespa,site:threads.net 제스파,로그인,,https://logins.daum.net/accounts/loginform.do?url=https%3A%2F%2Fsearch.daum.net%2Fsearch%3Fw%3Dtot%26q%3Dsite%3Athreads.net%2B%25EC%25A0%259C%25EC%258A%25A4%25ED%258C%258C,,,,neutral,기타,기타,ok
2026-06-07T13:17:16+09:00,threads,site_search,daum_site_search,Bodyfriend,site:threads.net 바디프렌드,"Threads Net 스풀 세이버 풀기 스레드 바느질 콘 네트 자수 기계용 대형 소형 콘... 26,190 원 배송비 무료 G마켓",,https://shoppinghow.kakao.com/search/site%3Athreads.net%20%EB%B0%94%EB%94%94%ED%94%84%EB%A0%8C%EB%93%9C/docid:Y36095629818&srchhow:expo&,,,,neutral,기타,기타,ok
2026-06-07T13:17:16+09:00,threads,site_search,daum_site_search,Bodyfriend,site:threads.net 바디프렌드,"Threads Net 스풀 세이버 풀기 스레드 바느질 콘 네트 자수 기계용 대형 소형 콘... 26,190 원 배송비 무료 옥션",,https://shoppinghow.kakao.com/search/site%3Athreads.net%20%EB%B0%94%EB%94%94%ED%94%84%EB%A0%8C%EB%93%9C/docid:G36095505474&srchhow:expo&,,,,neutral,기타,기타,ok
2026-06-07T13:17:16+09:00,threads,site_search,daum_site_search,Bodyfriend,site:threads.net 바디프렌드,"[교보문고] Asp. net 2.0 Web Site Programming : Problem--design--solution... 49,000 원 배송비 무료 SSG.COM",,https://shoppinghow.kakao.com/search/site%3Athreads.net%20%EB%B0%94%EB%94%94%ED%94%84%EB%A0%8C%EB%93%9C/docid:O35972656717&srchhow:expo&,,,,negative,AS/고장 불만,AS/고장/내구성,ok
2026-06-07T13:17:16+09:00,threads,site_search,jina_site_search,Bodyfriend,site:threads.net 바디프렌드,본문 바로가기,site:threads.net 바디프렌드,https://search.daum.net/search?w=tot&q=site:threads.net+%EB%B0%94%EB%94%94%ED%94%84%EB%A0%8C%EB%93%9C#daumBody,,,,neutral,기타,기타,ok
2026-06-07T13:17:16+09:00,threads,site_search,jina_site_search,Bodyfriend,site:threads.net 바디프렌드,메뉴 바로가기,site:threads.net 바디프렌드,https://search.daum.net/search?w=tot&q=site:threads.net+%EB%B0%94%EB%94%94%ED%94%84%EB%A0%8C%EB%93%9C#daumGnb,,,,neutral,기타,기타,ok
2026-06-07T13:17:16+09:00,threads,site_search,jina_site_search,Bodyfriend,site:threads.net 바디프렌드,로그인,,https://logins.daum.net/accounts/loginform.do?url=https%3A%2F%2Fsearch.daum.net%2Fsearch%3Fw%3Dtot%26q%3Dsite%3Athreads.net%2B%25EB%25B0%2594%25EB%2594%2594%25ED%2594%2584%25EB%25A0%258C%25EB%2593%259C,,,,neutral,기타,기타,ok
2026-06-07T13:17:16+09:00,threads,site_search,daum_site_search,Category,site:threads.net 안마의자 추천,어학사전 새창,,http://dic.daum.net/search.do?q=site%3Athreads.net+%EC%95%88%EB%A7%88%EC%9D%98%EC%9E%90+%EC%B6%94%EC%B2%9C,,,,positive,추천 요청,안마의자,ok
2026-06-07T13:17:16+09:00,threads,site_search,daum_site_search,Category,site:threads.net 안마의자 추천,지도 새창,,https://map.kakao.com/?from=total&nil_suggest=btn&tab=place&q=site%3Athreads.net+%EC%95%88%EB%A7%88%EC%9D%98%EC%9E%90+%EC%B6%94%EC%B2%9C,,,,positive,추천 요청,안마의자,ok
2026-06-07T13:17:16+09:00,threads,site_search,daum_site_search,Category,site:threads.net 안마의자 추천,백과사전 새창,,https://100.daum.net/search/entry?q=site%3Athreads.net+%EC%95%88%EB%A7%88%EC%9D%98%EC%9E%90+%EC%B6%94%EC%B2%9C,,,,positive,추천 요청,안마의자,ok
2026-06-07T13:17:16+09:00,threads,site_search,jina_site_search,Category,site:threads.net 안마의자 추천,본문 바로가기,site:threads.net 안마의자 추천,https://search.daum.net/search?w=tot&q=site:threads.net+%EC%95%88%EB%A7%88%EC%9D%98%EC%9E%90+%EC%B6%94%EC%B2%9C#daumBody,,,,positive,추천 요청,안마의자,ok
2026-06-07T13:17:16+09:00,threads,site_search,jina_site_search,Category,site:threads.net 안마의자 추천,메뉴 바로가기,site:threads.net 안마의자 추천,https://search.daum.net/search?w=tot&q=site:threads.net+%EC%95%88%EB%A7%88%EC%9D%98%EC%9E%90+%EC%B6%94%EC%B2%9C#daumGnb,,,,positive,추천 요청,안마의자,ok
2026-06-07T13:17:16+09:00,threads,site_search,jina_site_search,Category,site:threads.net 안마의자 추천,로그인,,https://logins.daum.net/accounts/loginform.do?url=https%3A%2F%2Fsearch.daum.net%2Fsearch%3Fw%3Dtot%26q%3Dsite%3Athreads.net%2B%25EC%2595%2588%25EB%25A7%2588%25EC%259D%2598%25EC%259E%2590%2B%25EC%25B6%2594%25EC%25B2%259C,,,,positive,추천 요청,안마의자,ok
2026-06-07T13:17:16+09:00,naver_cafe,site_search,daum_site_search,Zespa,site:cafe.naver.com 제스파 후기,어학사전 새창,,http://dic.daum.net/search.do?q=site%3Acafe.naver.com+%EC%A0%9C%EC%8A%A4%ED%8C%8C+%ED%9B%84%EA%B8%B0,,,,neutral,구매 후기,기타,ok
2026-06-07T13:17:16+09:00,naver_cafe,site_search,daum_site_search,Zespa,site:cafe.naver.com 제스파 후기,지도 새창,,https://map.kakao.com/?from=total&nil_suggest=btn&tab=place&q=site%3Acafe.naver.com+%EC%A0%9C%EC%8A%A4%ED%8C%8C+%ED%9B%84%EA%B8%B0,,,,neutral,구매 후기,기타,ok
2026-06-07T13:17:16+09:00,naver_cafe,site_search,daum_site_search,Zespa,site:cafe.naver.com 제스파 후기,백과사전 새창,,https://100.daum.net/search/entry?q=site%3Acafe.naver.com+%EC%A0%9C%EC%8A%A4%ED%8C%8C+%ED%9B%84%EA%B8%B0,,,,neutral,구매 후기,기타,ok
2026-06-07T13:17:16+09:00,naver_cafe,site_search,jina_site_search,Zespa,site:cafe.naver.com 제스파 후기,본문 바로가기,site:cafe.naver.com 제스파 후기,https://search.daum.net/search?w=tot&q=site:cafe.naver.com+%EC%A0%9C%EC%8A%A4%ED%8C%8C+%ED%9B%84%EA%B8%B0#daumBody,,,,neutral,구매 후기,기타,ok
2026-06-07T13:17:16+09:00,naver_cafe,site_search,jina_site_search,Zespa,site:cafe.naver.com 제스파 후기,메뉴 바로가기,site:cafe.naver.com 제스파 후기,https://search.daum.net/search?w=tot&q=site:cafe.naver.com+%EC%A0%9C%EC%8A%A4%ED%8C%8C+%ED%9B%84%EA%B8%B0#daumGnb,,,,neutral,구매 후기,기타,ok
2026-06-07T13:17:16+09:00,naver_cafe,site_search,jina_site_search,Zespa,site:cafe.naver.com 제스파 후기,로그인,,https://logins.daum.net/accounts/loginform.do?url=https%3A%2F%2Fsearch.daum.net%2Fsearch%3Fw%3Dtot%26q%3Dsite%3Acafe.naver.com%2B%25EC%25A0%259C%25EC%258A%25A4%25ED%258C%258C%2B%25ED%259B%2584%25EA%25B8%25B0,,,,neutral,구매 후기,기타,ok
2026-06-07T13:17:16+09:00,naver_cafe,site_search,daum_site_search,Bodyfriend,site:cafe.naver.com 바디프렌드 AS,어학사전 새창,,http://dic.daum.net/search.do?q=site%3Acafe.naver.com+%EB%B0%94%EB%94%94%ED%94%84%EB%A0%8C%EB%93%9C+AS,,,,negative,AS/고장 불만,AS/고장/내구성,ok
2026-06-07T13:17:16+09:00,naver_cafe,site_search,daum_site_search,Bodyfriend,site:cafe.naver.com 바디프렌드 AS,지도 새창,,https://map.kakao.com/?from=total&nil_suggest=btn&tab=place&q=site%3Acafe.naver.com+%EB%B0%94%EB%94%94%ED%94%84%EB%A0%8C%EB%93%9C+AS,,,,negative,AS/고장 불만,AS/고장/내구성,ok
2026-06-07T13:17:16+09:00,naver_cafe,site_search,daum_site_search,Bodyfriend,site:cafe.naver.com 바디프렌드 AS,백과사전 새창,,https://100.daum.net/search/entry?q=site%3Acafe.naver.com+%EB%B0%94%EB%94%94%ED%94%84%EB%A0%8C%EB%93%9C+AS,,,,negative,AS/고장 불만,AS/고장/내구성,ok
2026-06-07T13:17:16+09:00,naver_cafe,site_search,jina_site_search,Bodyfriend,site:cafe.naver.com 바디프렌드 AS,본문 바로가기,site:cafe.naver.com 바디프렌드 AS,https://search.daum.net/search?w=tot&q=site:cafe.naver.com+%EB%B0%94%EB%94%94%ED%94%84%EB%A0%8C%EB%93%9C+AS#daumBody,,,,negative,AS/고장 불만,AS/고장/내구성,ok
2026-06-07T13:17:16+09:00,naver_cafe,site_search,jina_site_search,Bodyfriend,site:cafe.naver.com 바디프렌드 AS,메뉴 바로가기,site:cafe.naver.com 바디프렌드 AS,https://search.daum.net/search?w=tot&q=site:cafe.naver.com+%EB%B0%94%EB%94%94%ED%94%84%EB%A0%8C%EB%93%9C+AS#daumGnb,,,,negative,AS/고장 불만,AS/고장/내구성,ok
2026-06-07T13:17:16+09:00,naver_cafe,site_search,jina_site_search,Bodyfriend,site:cafe.naver.com 바디프렌드 AS,로그인,,https://logins.daum.net/accounts/loginform.do?url=https%3A%2F%2Fsearch.daum.net%2Fsearch%3Fw%3Dtot%26q%3Dsite%3Acafe.naver.com%2B%25EB%25B0%2594%25EB%2594%2594%25ED%2594%2584%25EB%25A0%258C%25EB%2593%259C%2BAS,,,,negative,AS/고장 불만,AS/고장/내구성,ok
2026-06-07T13:17:16+09:00,naver_cafe,site_search,daum_site_search,Category,site:cafe.naver.com 부모님 마사지기 추천,어학사전 새창,,http://dic.daum.net/search.do?q=site%3Acafe.naver.com+%EB%B6%80%EB%AA%A8%EB%8B%98+%EB%A7%88%EC%82%AC%EC%A7%80%EA%B8%B0+%EC%B6%94%EC%B2%9C,,,,positive,추천 요청,부모님 선물,ok
2026-06-07T13:17:16+09:00,naver_cafe,site_search,daum_site_search,Category,site:cafe.naver.com 부모님 마사지기 추천,지도 새창,,https://map.kakao.com/?from=total&nil_suggest=btn&tab=place&q=site%3Acafe.naver.com+%EB%B6%80%EB%AA%A8%EB%8B%98+%EB%A7%88%EC%82%AC%EC%A7%80%EA%B8%B0+%EC%B6%94%EC%B2%9C,,,,positive,추천 요청,부모님 선물,ok
2026-06-07T13:17:16+09:00,naver_cafe,site_search,daum_site_search,Category,site:cafe.naver.com 부모님 마사지기 추천,백과사전 새창,,https://100.daum.net/search/entry?q=site%3Acafe.naver.com+%EB%B6%80%EB%AA%A8%EB%8B%98+%EB%A7%88%EC%82%AC%EC%A7%80%EA%B8%B0+%EC%B6%94%EC%B2%9C,,,,positive,추천 요청,부모님 선물,ok
2026-06-07T13:17:16+09:00,naver_cafe,site_search,jina_site_search,Category,site:cafe.naver.com 부모님 마사지기 추천,본문 바로가기,site:cafe.naver.com 부모님 마사지기 추천,https://search.daum.net/search?w=tot&q=site:cafe.naver.com+%EB%B6%80%EB%AA%A8%EB%8B%98+%EB%A7%88%EC%82%AC%EC%A7%80%EA%B8%B0+%EC%B6%94%EC%B2%9C#daumBody,,,,positive,추천 요청,부모님 선물,ok
2026-06-07T13:17:16+09:00,naver_cafe,site_search,jina_site_search,Category,site:cafe.naver.com 부모님 마사지기 추천,메뉴 바로가기,site:cafe.naver.com 부모님 마사지기 추천,https://search.daum.net/search?w=tot&q=site:cafe.naver.com+%EB%B6%80%EB%AA%A8%EB%8B%98+%EB%A7%88%EC%82%AC%EC%A7%80%EA%B8%B0+%EC%B6%94%EC%B2%9C#daumGnb,,,,positive,추천 요청,부모님 선물,ok
2026-06-07T13:17:16+09:00,naver_cafe,site_search,jina_site_search,Category,site:cafe.naver.com 부모님 마사지기 추천,로그인,,https://logins.daum.net/accounts/loginform.do?url=https%3A%2F%2Fsearch.daum.net%2Fsearch%3Fw%3Dtot%26q%3Dsite%3Acafe.naver.com%2B%25EB%25B6%2580%25EB%25AA%25A8%25EB%258B%2598%2B%25EB%25A7%2588%25EC%2582%25AC%25EC%25A7%2580%25EA%25B8%25B0%2B%25EC%25B6%2594%25EC%25B2%259C,,,,positive,추천 요청,부모님 선물,ok
2026-06-07T13:17:16+09:00,dcinside,site_search,daum_site_search,Zespa,site:dcinside.com 제스파,어학사전 새창,,http://dic.daum.net/search.do?q=site%3Adcinside.com+%EC%A0%9C%EC%8A%A4%ED%8C%8C,,,,neutral,기타,기타,ok
2026-06-07T13:17:16+09:00,dcinside,site_search,daum_site_search,Zespa,site:dcinside.com 제스파,지도 새창,,https://map.kakao.com/?from=total&nil_suggest=btn&tab=place&q=site%3Adcinside.com+%EC%A0%9C%EC%8A%A4%ED%8C%8C,,,,neutral,기타,기타,ok
2026-06-07T13:17:16+09:00,dcinside,site_search,daum_site_search,Zespa,site:dcinside.com 제스파,백과사전 새창,,https://100.daum.net/search/entry?q=site%3Adcinside.com+%EC%A0%9C%EC%8A%A4%ED%8C%8C,,,,neutral,기타,기타,ok
2026-06-07T13:17:16+09:00,dcinside,site_search,jina_site_search,Zespa,site:dcinside.com 제스파,본문 바로가기,site:dcinside.com 제스파,https://search.daum.net/search?w=tot&q=site:dcinside.com+%EC%A0%9C%EC%8A%A4%ED%8C%8C#daumBody,,,,neutral,기타,기타,ok
2026-06-07T13:17:16+09:00,dcinside,site_search,jina_site_search,Zespa,site:dcinside.com 제스파,메뉴 바로가기,site:dcinside.com 제스파,https://search.daum.net/search?w=tot&q=site:dcinside.com+%EC%A0%9C%EC%8A%A4%ED%8C%8C#daumGnb,,,,neutral,기타,기타,ok
2026-06-07T13:17:16+09:00,dcinside,site_search,jina_site_search,Zespa,site:dcinside.com 제스파,로그인,,https://logins.daum.net/accounts/loginform.do?url=https%3A%2F%2Fsearch.daum.net%2Fsearch%3Fw%3Dtot%26q%3Dsite%3Adcinside.com%2B%25EC%25A0%259C%25EC%258A%25A4%25ED%258C%258C,,,,neutral,기타,기타,ok
2026-06-07T13:17:16+09:00,dcinside,site_search,daum_site_search,Bodyfriend,site:dcinside.com 바디프렌드,어학사전 새창,,http://dic.daum.net/search.do?q=site%3Adcinside.com+%EB%B0%94%EB%94%94%ED%94%84%EB%A0%8C%EB%93%9C,,,,neutral,기타,기타,ok
2026-06-07T13:17:16+09:00,dcinside,site_search,daum_site_search,Bodyfriend,site:dcinside.com 바디프렌드,지도 새창,,https://map.kakao.com/?from=total&nil_suggest=btn&tab=place&q=site%3Adcinside.com+%EB%B0%94%EB%94%94%ED%94%84%EB%A0%8C%EB%93%9C,,,,neutral,기타,기타,ok
2026-06-07T13:17:16+09:00,dcinside,site_search,daum_site_search,Bodyfriend,site:dcinside.com 바디프렌드,백과사전 새창,,https://100.daum.net/search/entry?q=site%3Adcinside.com+%EB%B0%94%EB%94%94%ED%94%84%EB%A0%8C%EB%93%9C,,,,neutral,기타,기타,ok
2026-06-07T13:17:16+09:00,dcinside,site_search,jina_site_search,Bodyfriend,site:dcinside.com 바디프렌드,본문 바로가기,site:dcinside.com 바디프렌드,https://search.daum.net/search?w=tot&q=site:dcinside.com+%EB%B0%94%EB%94%94%ED%94%84%EB%A0%8C%EB%93%9C#daumBody,,,,neutral,기타,기타,ok
2026-06-07T13:17:16+09:00,dcinside,site_search,jina_site_search,Bodyfriend,site:dcinside.com 바디프렌드,메뉴 바로가기,site:dcinside.com 바디프렌드,https://search.daum.net/search?w=tot&q=site:dcinside.com+%EB%B0%94%EB%94%94%ED%94%84%EB%A0%8C%EB%93%9C#daumGnb,,,,neutral,기타,기타,ok
2026-06-07T13:17:16+09:00,dcinside,site_search,jina_site_search,Bodyfriend,site:dcinside.com 바디프렌드,로그인,,https://logins.daum.net/accounts/loginform.do?url=https%3A%2F%2Fsearch.daum.net%2Fsearch%3Fw%3Dtot%26q%3Dsite%3Adcinside.com%2B%25EB%25B0%2594%25EB%2594%2594%25ED%2594%2584%25EB%25A0%258C%25EB%2593%259C,,,,neutral,기타,기타,ok
2026-06-07T13:17:16+09:00,dcinside,site_search,daum_site_search,Category,site:dcinside.com 안마의자 추천,어학사전 새창,,http://dic.daum.net/search.do?q=site%3Adcinside.com+%EC%95%88%EB%A7%88%EC%9D%98%EC%9E%90+%EC%B6%94%EC%B2%9C,,,,positive,추천 요청,안마의자,ok
2026-06-07T13:17:16+09:00,dcinside,site_search,daum_site_search,Category,site:dcinside.com 안마의자 추천,지도 새창,,https://map.kakao.com/?from=total&nil_suggest=btn&tab=place&q=site%3Adcinside.com+%EC%95%88%EB%A7%88%EC%9D%98%EC%9E%90+%EC%B6%94%EC%B2%9C,,,,positive,추천 요청,안마의자,ok
2026-06-07T13:17:16+09:00,dcinside,site_search,daum_site_search,Category,site:dcinside.com 안마의자 추천,백과사전 새창,,https://100.daum.net/search/entry?q=site%3Adcinside.com+%EC%95%88%EB%A7%88%EC%9D%98%EC%9E%90+%EC%B6%94%EC%B2%9C,,,,positive,추천 요청,안마의자,ok
2026-06-07T13:17:16+09:00,dcinside,site_search,jina_site_search,Category,site:dcinside.com 안마의자 추천,본문 바로가기,site:dcinside.com 안마의자 추천,https://search.daum.net/search?w=tot&q=site:dcinside.com+%EC%95%88%EB%A7%88%EC%9D%98%EC%9E%90+%EC%B6%94%EC%B2%9C#daumBody,,,,positive,추천 요청,안마의자,ok
2026-06-07T13:17:16+09:00,dcinside,site_search,jina_site_search,Category,site:dcinside.com 안마의자 추천,메뉴 바로가기,site:dcinside.com 안마의자 추천,https://search.daum.net/search?w=tot&q=site:dcinside.com+%EC%95%88%EB%A7%88%EC%9D%98%EC%9E%90+%EC%B6%94%EC%B2%9C#daumGnb,,,,positive,추천 요청,안마의자,ok
2026-06-07T13:17:16+09:00,dcinside,site_search,jina_site_search,Category,site:dcinside.com 안마의자 추천,로그인,,https://logins.daum.net/accounts/loginform.do?url=https%3A%2F%2Fsearch.daum.net%2Fsearch%3Fw%3Dtot%26q%3Dsite%3Adcinside.com%2B%25EC%2595%2588%25EB%25A7%2588%25EC%259D%2598%25EC%259E%2590%2B%25EC%25B6%2594%25EC%25B2%259C,,,,positive,추천 요청,안마의자,ok
2026-06-07T13:17:16+09:00,ppomppu,site_search,daum_site_search,Zespa,site:ppomppu.co.kr 제스파,어학사전 새창,,http://dic.daum.net/search.do?q=site%3Appomppu.co.kr+%EC%A0%9C%EC%8A%A4%ED%8C%8C,,,,neutral,기타,기타,ok
2026-06-07T13:17:16+09:00,ppomppu,site_search,daum_site_search,Zespa,site:ppomppu.co.kr 제스파,지도 새창,,https://map.kakao.com/?from=total&nil_suggest=btn&tab=place&q=site%3Appomppu.co.kr+%EC%A0%9C%EC%8A%A4%ED%8C%8C,,,,neutral,기타,기타,ok
2026-06-07T13:17:16+09:00,ppomppu,site_search,daum_site_search,Zespa,site:ppomppu.co.kr 제스파,백과사전 새창,,https://100.daum.net/search/entry?q=site%3Appomppu.co.kr+%EC%A0%9C%EC%8A%A4%ED%8C%8C,,,,neutral,기타,기타,ok
2026-06-07T13:17:16+09:00,ppomppu,site_search,jina_site_search,Zespa,site:ppomppu.co.kr 제스파,본문 바로가기,site:ppomppu.co.kr 제스파,https://search.daum.net/search?w=tot&q=site:ppomppu.co.kr+%EC%A0%9C%EC%8A%A4%ED%8C%8C#daumBody,,,,neutral,기타,기타,ok
2026-06-07T13:17:16+09:00,ppomppu,site_search,jina_site_search,Zespa,site:ppomppu.co.kr 제스파,메뉴 바로가기,site:ppomppu.co.kr 제스파,https://search.daum.net/search?w=tot&q=site:ppomppu.co.kr+%EC%A0%9C%EC%8A%A4%ED%8C%8C#daumGnb,,,,neutral,기타,기타,ok
2026-06-07T13:17:16+09:00,ppomppu,site_search,jina_site_search,Zespa,site:ppomppu.co.kr 제스파,로그인,,https://logins.daum.net/accounts/loginform.do?url=https%3A%2F%2Fsearch.daum.net%2Fsearch%3Fw%3Dtot%26q%3Dsite%3Appomppu.co.kr%2B%25EC%25A0%259C%25EC%258A%25A4%25ED%258C%258C,,,,neutral,기타,기타,ok
2026-06-07T13:17:16+09:00,ppomppu,site_search,daum_site_search,Bodyfriend,site:ppomppu.co.kr 바디프렌드,어학사전 새창,,http://dic.daum.net/search.do?q=site%3Appomppu.co.kr+%EB%B0%94%EB%94%94%ED%94%84%EB%A0%8C%EB%93%9C,,,,neutral,기타,기타,ok
2026-06-07T13:17:16+09:00,ppomppu,site_search,daum_site_search,Bodyfriend,site:ppomppu.co.kr 바디프렌드,지도 새창,,https://map.kakao.com/?from=total&nil_suggest=btn&tab=place&q=site%3Appomppu.co.kr+%EB%B0%94%EB%94%94%ED%94%84%EB%A0%8C%EB%93%9C,,,,neutral,기타,기타,ok
2026-06-07T13:17:16+09:00,ppomppu,site_search,daum_site_search,Bodyfriend,site:ppomppu.co.kr 바디프렌드,백과사전 새창,,https://100.daum.net/search/entry?q=site%3Appomppu.co.kr+%EB%B0%94%EB%94%94%ED%94%84%EB%A0%8C%EB%93%9C,,,,neutral,기타,기타,ok
2026-06-07T13:17:16+09:00,ppomppu,site_search,jina_site_search,Bodyfriend,site:ppomppu.co.kr 바디프렌드,본문 바로가기,site:ppomppu.co.kr 바디프렌드,https://search.daum.net/search?w=tot&q=site:ppomppu.co.kr+%EB%B0%94%EB%94%94%ED%94%84%EB%A0%8C%EB%93%9C#daumBody,,,,neutral,기타,기타,ok
2026-06-07T13:17:16+09:00,ppomppu,site_search,jina_site_search,Bodyfriend,site:ppomppu.co.kr 바디프렌드,메뉴 바로가기,site:ppomppu.co.kr 바디프렌드,https://search.daum.net/search?w=tot&q=site:ppomppu.co.kr+%EB%B0%94%EB%94%94%ED%94%84%EB%A0%8C%EB%93%9C#daumGnb,,,,neutral,기타,기타,ok
2026-06-07T13:17:16+09:00,ppomppu,site_search,jina_site_search,Bodyfriend,site:ppomppu.co.kr 바디프렌드,로그인,,https://logins.daum.net/accounts/loginform.do?url=https%3A%2F%2Fsearch.daum.net%2Fsearch%3Fw%3Dtot%26q%3Dsite%3Appomppu.co.kr%2B%25EB%25B0%2594%25EB%2594%2594%25ED%2594%2584%25EB%25A0%258C%25EB%2593%259C,,,,neutral,기타,기타,ok
2026-06-07T13:17:16+09:00,ppomppu,site_search,daum_site_search,Category,site:ppomppu.co.kr 마사지기 추천,어학사전 새창,,http://dic.daum.net/search.do?q=site%3Appomppu.co.kr+%EB%A7%88%EC%82%AC%EC%A7%80%EA%B8%B0+%EC%B6%94%EC%B2%9C,,,,positive,추천 요청,기타,ok
2026-06-07T13:17:16+09:00,ppomppu,site_search,daum_site_search,Category,site:ppomppu.co.kr 마사지기 추천,지도 새창,,https://map.kakao.com/?from=total&nil_suggest=btn&tab=place&q=site%3Appomppu.co.kr+%EB%A7%88%EC%82%AC%EC%A7%80%EA%B8%B0+%EC%B6%94%EC%B2%9C,,,,positive,추천 요청,기타,ok
2026-06-07T13:17:16+09:00,ppomppu,site_search,daum_site_search,Category,site:ppomppu.co.kr 마사지기 추천,백과사전 새창,,https://100.daum.net/search/entry?q=site%3Appomppu.co.kr+%EB%A7%88%EC%82%AC%EC%A7%80%EA%B8%B0+%EC%B6%94%EC%B2%9C,,,,positive,추천 요청,기타,ok
2026-06-07T13:17:16+09:00,ppomppu,site_search,jina_site_search,Category,site:ppomppu.co.kr 마사지기 추천,본문 바로가기,site:ppomppu.co.kr 마사지기 추천,https://search.daum.net/search?w=tot&q=site:ppomppu.co.kr+%EB%A7%88%EC%82%AC%EC%A7%80%EA%B8%B0+%EC%B6%94%EC%B2%9C#daumBody,,,,positive,추천 요청,기타,ok
2026-06-07T13:17:16+09:00,ppomppu,site_search,jina_site_search,Category,site:ppomppu.co.kr 마사지기 추천,메뉴 바로가기,site:ppomppu.co.kr 마사지기 추천,https://search.daum.net/search?w=tot&q=site:ppomppu.co.kr+%EB%A7%88%EC%82%AC%EC%A7%80%EA%B8%B0+%EC%B6%94%EC%B2%9C#daumGnb,,,,positive,추천 요청,기타,ok
2026-06-07T13:17:16+09:00,ppomppu,site_search,jina_site_search,Category,site:ppomppu.co.kr 마사지기 추천,로그인,,https://logins.daum.net/accounts/loginform.do?url=https%3A%2F%2Fsearch.daum.net%2Fsearch%3Fw%3Dtot%26q%3Dsite%3Appomppu.co.kr%2B%25EB%25A7%2588%25EC%2582%25AC%25EC%25A7%2580%25EA%25B8%25B0%2B%25EC%25B6%2594%25EC%25B2%259C,,,,positive,추천 요청,기타,ok
2026-06-07T13:17:16+09:00,clien,site_search,daum_site_search,Zespa,site:clien.net 제스파,어학사전 새창,,http://dic.daum.net/search.do?q=site%3Aclien.net+%EC%A0%9C%EC%8A%A4%ED%8C%8C,,,,neutral,기타,기타,ok
2026-06-07T13:17:16+09:00,clien,site_search,daum_site_search,Zespa,site:clien.net 제스파,지도 새창,,https://map.kakao.com/?from=total&nil_suggest=btn&tab=place&q=site%3Aclien.net+%EC%A0%9C%EC%8A%A4%ED%8C%8C,,,,neutral,기타,기타,ok
2026-06-07T13:17:16+09:00,clien,site_search,daum_site_search,Zespa,site:clien.net 제스파,백과사전 새창,,https://100.daum.net/search/entry?q=site%3Aclien.net+%EC%A0%9C%EC%8A%A4%ED%8C%8C,,,,neutral,기타,기타,ok
2026-06-07T13:17:16+09:00,clien,site_search,jina_site_search,Zespa,site:clien.net 제스파,본문 바로가기,site:clien.net 제스파,https://search.daum.net/search?w=tot&q=site:clien.net+%EC%A0%9C%EC%8A%A4%ED%8C%8C#daumBody,,,,neutral,기타,기타,ok
2026-06-07T13:17:16+09:00,clien,site_search,jina_site_search,Zespa,site:clien.net 제스파,메뉴 바로가기,site:clien.net 제스파,https://search.daum.net/search?w=tot&q=site:clien.net+%EC%A0%9C%EC%8A%A4%ED%8C%8C#daumGnb,,,,neutral,기타,기타,ok
2026-06-07T13:17:16+09:00,clien,site_search,jina_site_search,Zespa,site:clien.net 제스파,로그인,,https://logins.daum.net/accounts/loginform.do?url=https%3A%2F%2Fsearch.daum.net%2Fsearch%3Fw%3Dtot%26q%3Dsite%3Aclien.net%2B%25EC%25A0%259C%25EC%258A%25A4%25ED%258C%258C,,,,neutral,기타,기타,ok
2026-06-07T13:17:16+09:00,clien,site_search,daum_site_search,Bodyfriend,site:clien.net 바디프렌드,어학사전 새창,,http://dic.daum.net/search.do?q=site%3Aclien.net+%EB%B0%94%EB%94%94%ED%94%84%EB%A0%8C%EB%93%9C,,,,neutral,기타,기타,ok
2026-06-07T13:17:16+09:00,clien,site_search,daum_site_search,Bodyfriend,site:clien.net 바디프렌드,지도 새창,,https://map.kakao.com/?from=total&nil_suggest=btn&tab=place&q=site%3Aclien.net+%EB%B0%94%EB%94%94%ED%94%84%EB%A0%8C%EB%93%9C,,,,neutral,기타,기타,ok
2026-06-07T13:17:16+09:00,clien,site_search,daum_site_search,Bodyfriend,site:clien.net 바디프렌드,백과사전 새창,,https://100.daum.net/search/entry?q=site%3Aclien.net+%EB%B0%94%EB%94%94%ED%94%84%EB%A0%8C%EB%93%9C,,,,neutral,기타,기타,ok
2026-06-07T13:17:16+09:00,clien,site_search,jina_site_search,Bodyfriend,site:clien.net 바디프렌드,본문 바로가기,site:clien.net 바디프렌드,https://search.daum.net/search?w=tot&q=site:clien.net+%EB%B0%94%EB%94%94%ED%94%84%EB%A0%8C%EB%93%9C#daumBody,,,,neutral,기타,기타,ok
2026-06-07T13:17:16+09:00,clien,site_search,jina_site_search,Bodyfriend,site:clien.net 바디프렌드,메뉴 바로가기,site:clien.net 바디프렌드,https://search.daum.net/search?w=tot&q=site:clien.net+%EB%B0%94%EB%94%94%ED%94%84%EB%A0%8C%EB%93%9C#daumGnb,,,,neutral,기타,기타,ok
2026-06-07T13:17:16+09:00,clien,site_search,jina_site_search,Bodyfriend,site:clien.net 바디프렌드,로그인,,https://logins.daum.net/accounts/loginform.do?url=https%3A%2F%2Fsearch.daum.net%2Fsearch%3Fw%3Dtot%26q%3Dsite%3Aclien.net%2B%25EB%25B0%2594%25EB%2594%2594%25ED%2594%2584%25EB%25A0%258C%25EB%2593%259C,,,,neutral,기타,기타,ok
2026-06-07T13:17:16+09:00,clien,site_search,daum_site_search,Category,site:clien.net 안마의자 추천,어학사전 새창,,http://dic.daum.net/search.do?q=site%3Aclien.net+%EC%95%88%EB%A7%88%EC%9D%98%EC%9E%90+%EC%B6%94%EC%B2%9C,,,,positive,추천 요청,안마의자,ok
2026-06-07T13:17:16+09:00,clien,site_search,daum_site_search,Category,site:clien.net 안마의자 추천,지도 새창,,https://map.kakao.com/?from=total&nil_suggest=btn&tab=place&q=site%3Aclien.net+%EC%95%88%EB%A7%88%EC%9D%98%EC%9E%90+%EC%B6%94%EC%B2%9C,,,,positive,추천 요청,안마의자,ok
2026-06-07T13:17:16+09:00,clien,site_search,daum_site_search,Category,site:clien.net 안마의자 추천,백과사전 새창,,https://100.daum.net/search/entry?q=site%3Aclien.net+%EC%95%88%EB%A7%88%EC%9D%98%EC%9E%90+%EC%B6%94%EC%B2%9C,,,,positive,추천 요청,안마의자,ok
2026-06-07T13:17:16+09:00,clien,site_search,jina_site_search,Category,site:clien.net 안마의자 추천,본문 바로가기,site:clien.net 안마의자 추천,https://search.daum.net/search?w=tot&q=site:clien.net+%EC%95%88%EB%A7%88%EC%9D%98%EC%9E%90+%EC%B6%94%EC%B2%9C#daumBody,,,,positive,추천 요청,안마의자,ok
2026-06-07T13:17:16+09:00,clien,site_search,jina_site_search,Category,site:clien.net 안마의자 추천,메뉴 바로가기,site:clien.net 안마의자 추천,https://search.daum.net/search?w=tot&q=site:clien.net+%EC%95%88%EB%A7%88%EC%9D%98%EC%9E%90+%EC%B6%94%EC%B2%9C#daumGnb,,,,positive,추천 요청,안마의자,ok
2026-06-07T13:17:16+09:00,clien,site_search,jina_site_search,Category,site:clien.net 안마의자 추천,로그인,,https://logins.daum.net/accounts/loginform.do?url=https%3A%2F%2Fsearch.daum.net%2Fsearch%3Fw%3Dtot%26q%3Dsite%3Aclien.net%2B%25EC%2595%2588%25EB%25A7%2588%25EC%259D%2598%25EC%259E%2590%2B%25EC%25B6%2594%25EC%25B2%259C,,,,positive,추천 요청,안마의자,ok
2026-06-07T13:17:16+09:00,theqoo,site_search,daum_site_search,Zespa,site:theqoo.net 제스파,어학사전 새창,,http://dic.daum.net/search.do?q=site%3Atheqoo.net+%EC%A0%9C%EC%8A%A4%ED%8C%8C,,,,neutral,기타,기타,ok
2026-06-07T13:17:16+09:00,theqoo,site_search,daum_site_search,Zespa,site:theqoo.net 제스파,지도 새창,,https://map.kakao.com/?from=total&nil_suggest=btn&tab=place&q=site%3Atheqoo.net+%EC%A0%9C%EC%8A%A4%ED%8C%8C,,,,neutral,기타,기타,ok
2026-06-07T13:17:16+09:00,theqoo,site_search,daum_site_search,Zespa,site:theqoo.net 제스파,백과사전 새창,,https://100.daum.net/search/entry?q=site%3Atheqoo.net+%EC%A0%9C%EC%8A%A4%ED%8C%8C,,,,neutral,기타,기타,ok
2026-06-07T13:17:16+09:00,theqoo,site_search,jina_site_search,Zespa,site:theqoo.net 제스파,본문 바로가기,site:theqoo.net 제스파,https://search.daum.net/search?w=tot&q=site:theqoo.net+%EC%A0%9C%EC%8A%A4%ED%8C%8C#daumBody,,,,neutral,기타,기타,ok
2026-06-07T13:17:16+09:00,theqoo,site_search,jina_site_search,Zespa,site:theqoo.net 제스파,메뉴 바로가기,site:theqoo.net 제스파,https://search.daum.net/search?w=tot&q=site:theqoo.net+%EC%A0%9C%EC%8A%A4%ED%8C%8C#daumGnb,,,,neutral,기타,기타,ok
2026-06-07T13:17:16+09:00,theqoo,site_search,jina_site_search,Zespa,site:theqoo.net 제스파,로그인,,https://logins.daum.net/accounts/loginform.do?url=https%3A%2F%2Fsearch.daum.net%2Fsearch%3Fw%3Dtot%26q%3Dsite%3Atheqoo.net%2B%25EC%25A0%259C%25EC%258A%25A4%25ED%258C%258C,,,,neutral,기타,기타,ok
2026-06-07T13:17:16+09:00,theqoo,site_search,daum_site_search,Bodyfriend,site:theqoo.net 바디프렌드,어학사전 새창,,http://dic.daum.net/search.do?q=site%3Atheqoo.net+%EB%B0%94%EB%94%94%ED%94%84%EB%A0%8C%EB%93%9C,,,,neutral,기타,기타,ok
2026-06-07T13:17:16+09:00,theqoo,site_search,daum_site_search,Bodyfriend,site:theqoo.net 바디프렌드,지도 새창,,https://map.kakao.com/?from=total&nil_suggest=btn&tab=place&q=site%3Atheqoo.net+%EB%B0%94%EB%94%94%ED%94%84%EB%A0%8C%EB%93%9C,,,,neutral,기타,기타,ok
2026-06-07T13:17:16+09:00,theqoo,site_search,daum_site_search,Bodyfriend,site:theqoo.net 바디프렌드,백과사전 새창,,https://100.daum.net/search/entry?q=site%3Atheqoo.net+%EB%B0%94%EB%94%94%ED%94%84%EB%A0%8C%EB%93%9C,,,,neutral,기타,기타,ok
2026-06-07T13:17:16+09:00,theqoo,site_search,jina_site_search,Bodyfriend,site:theqoo.net 바디프렌드,본문 바로가기,site:theqoo.net 바디프렌드,https://search.daum.net/search?w=tot&q=site:theqoo.net+%EB%B0%94%EB%94%94%ED%94%84%EB%A0%8C%EB%93%9C#daumBody,,,,neutral,기타,기타,ok
2026-06-07T13:17:16+09:00,theqoo,site_search,jina_site_search,Bodyfriend,site:theqoo.net 바디프렌드,메뉴 바로가기,site:theqoo.net 바디프렌드,https://search.daum.net/search?w=tot&q=site:theqoo.net+%EB%B0%94%EB%94%94%ED%94%84%EB%A0%8C%EB%93%9C#daumGnb,,,,neutral,기타,기타,ok
2026-06-07T13:17:16+09:00,theqoo,site_search,jina_site_search,Bodyfriend,site:theqoo.net 바디프렌드,로그인,,https://logins.daum.net/accounts/loginform.do?url=https%3A%2F%2Fsearch.daum.net%2Fsearch%3Fw%3Dtot%26q%3Dsite%3Atheqoo.net%2B%25EB%25B0%2594%25EB%2594%2594%25ED%2594%2584%25EB%25A0%258C%25EB%2593%259C,,,,neutral,기타,기타,ok
2026-06-07T13:17:16+09:00,theqoo,site_search,daum_site_search,Category,site:theqoo.net 발마사지기,어학사전 새창,,http://dic.daum.net/search.do?q=site%3Atheqoo.net+%EB%B0%9C%EB%A7%88%EC%82%AC%EC%A7%80%EA%B8%B0,,,,neutral,기타,발마사지기,ok
2026-06-07T13:17:16+09:00,theqoo,site_search,daum_site_search,Category,site:theqoo.net 발마사지기,지도 새창,,https://map.kakao.com/?from=total&nil_suggest=btn&tab=place&q=site%3Atheqoo.net+%EB%B0%9C%EB%A7%88%EC%82%AC%EC%A7%80%EA%B8%B0,,,,neutral,기타,발마사지기,ok
2026-06-07T13:17:16+09:00,theqoo,site_search,daum_site_search,Category,site:theqoo.net 발마사지기,백과사전 새창,,https://100.daum.net/search/entry?q=site%3Atheqoo.net+%EB%B0%9C%EB%A7%88%EC%82%AC%EC%A7%80%EA%B8%B0,,,,neutral,기타,발마사지기,ok
